CAS,化学物質名,期間種別,毒性種別,影響内容,毒性値,暴露時間（日）,信頼性ランク,生物種,栄養段階,生物分類,参照元,参照元ID,コメント,AISTコメント,生息区分,試験媒体,試験データ区分,毒性値タイプ,毒性値イオン,環境省初期評価信頼性標識,環境省農薬基準信頼性標識,クリミッシュコード,米国農薬基準信頼性標識
7664-41-7,Ammonia,急性,LC50,生存,0.48,1,,ハクレン属の一種(Hypophthalmichthys nobilis),魚類,Fish,ECOTOX,159134,,,水生,淡水,,U,,,,,
7664-41-7,Ammonia,急性,LC50,生存,0.48,3,,コイ(Cyprinus carpio),魚類,Fish,ECOTOX,159147,,,水生,淡水,,U,,,,,
7664-41-7,Ammonia,急性,LC50,生存,0.49,0.347916667,,ニジマス(Oncorhynchus mykiss),魚類,Fish,ECOTOX,24716,,,水生,淡水,,U,N,,,,
7664-41-7,Ammonia,急性,LC50,生存,0.5,2.5,,コイ(Cyprinus carpio),魚類,Fish,ECOTOX,159146,,,水生,淡水,,U,,,,,
7664-41-7,Ammonia,急性,LC50,生存,0.51,1.083333333,,マダイ(Pagrus major),魚類,Fish,ECOTOX,53942,"12.36 MM BODY, 15.54 MM TOTAL/",,水生,海水,,U,N,,,,
7664-41-7,Ammonia,急性,LC50,生存,0.54,1,,ハクレン(Hypophthalmichthys molitrix),魚類,Fish,ECOTOX,159131,,,水生,淡水,,U,,,,,
7664-41-7,Ammonia,急性,LC50,生存,0.56,2.041666667,,マダイ(Pagrus major),魚類,Fish,ECOTOX,53943,"12.36 MM BODY, 15.54 MM TOTAL/",,水生,海水,,U,N,,,,
7664-41-7,Ammonia,急性,LC50,生存,0.56,4,,ドジョウ亜科の一種(Lepidocephalichthys guntea),魚類,Fish,ECOTOX,746358,"1.50 TO 1.80 G, WTINT, 5.25 TO 5.78/",,水生,淡水,,U,NH3,,,,
7664-41-7,Ammonia,急性,LC50,生存,0.57,3,,ドジョウ亜科の一種(Lepidocephalichthys guntea),魚類,Fish,ECOTOX,746357,"1.50 TO 1.80 G, WTINT, 5.25 TO 5.78/",,水生,淡水,,U,NH3,,,,
7664-41-7,Ammonia,急性,LC50,生存,0.57,0.875,,マダイ(Pagrus major),魚類,Fish,ECOTOX,47635,"7.80MM BODY LENGTH, 7.47MG",,水生,海水,,U,N,,,,
7664-41-7,Ammonia,急性,LC50,生存,0.58,4,,シマスズキ(Morone saxatilis),魚類,Fish,ECOTOX,202145,,,水生,海水,,U,NH3,,,,
7664-41-7,Ammonia,急性,LC50,生存,0.59,2,,ドジョウ亜科の一種(Lepidocephalichthys guntea),魚類,Fish,ECOTOX,747176,"1.50 TO 1.80 G, WTINT, 5.25 TO 5.78/",,水生,淡水,,U,NH3,,,,
7664-41-7,Ammonia,急性,LC50,生存,0.61,1,,ドジョウ亜科の一種(Lepidocephalichthys guntea),魚類,Fish,ECOTOX,746356,"1.50 TO 1.80 G, WTINT, 5.25 TO 5.78/",,水生,淡水,,U,NH3,,,,
7664-41-7,Ammonia,急性,LC50,生存,0.62,0.347916667,,ニジマス(Oncorhynchus mykiss),魚類,Fish,ECOTOX,24714,,,水生,淡水,,U,N,,,,
7664-41-7,Ammonia,急性,LC50,生存,0.62,2,,コイ(Cyprinus carpio),魚類,Fish,ECOTOX,159145,,,水生,淡水,,U,,,,,
7664-41-7,Ammonia,急性,LC50,生存,0.65,1.5,,コイ(Cyprinus carpio),魚類,Fish,ECOTOX,159144,,,水生,淡水,,U,,,,,
7664-41-7,Ammonia,急性,LC50,生存,0.66,4,,コイ(Cyprinus carpio),魚類,Fish,ECOTOX,159141,,,水生,淡水,,U,,,,,
7664-41-7,Ammonia,急性,LC50,生存,0.68,1,,コイ(Cyprinus carpio),魚類,Fish,ECOTOX,159143,,,水生,淡水,,U,,,,,
7664-41-7,Ammonia,急性,LC50,生存,0.703,4,,シマスズキ(Morone saxatilis),魚類,Fish,ECOTOX,202150,,,水生,海水,,U,NH3,,,,
7664-41-7,Ammonia,急性,LC50,生存,0.74,4,,ペルカ科の一種(Etheostoma spectabile),魚類,Fish,ECOTOX,190498,,,水生,淡水,,U,NH3,,,,
7664-41-7,Ammonia,急性,LC50,生存,0.75,4,,トウゴロウイワシ科の一種(Menidia beryllina),魚類,Fish,ECOTOX,202158,,,水生,海水,,U,NH3,,,,
7664-41-7,Ammonia,急性,LC50,生存,0.78,3,,グッピー(Poecilia reticulata),魚類,Fish,ECOTOX,190341,SICK,,水生,淡水,,U,N,,,,
7664-41-7,Ammonia,急性,LC50,生存,0.8,2,,コイ(Cyprinus carpio),魚類,Fish,ECOTOX,159140,,,水生,淡水,,U,,,,,
7664-41-7,Ammonia,急性,LC50,生存,0.82,0.625,,コイ(Cyprinus carpio),魚類,Fish,ECOTOX,159142,,,水生,淡水,,U,,,,,
7664-41-7,Ammonia,急性,LC50,生存,0.84,0.347916667,,ニジマス(Oncorhynchus mykiss),魚類,Fish,ECOTOX,24713,,,水生,淡水,,U,N,,,,
7664-41-7,Ammonia,急性,LC50,生存,0.86,1.5,,コイ(Cyprinus carpio),魚類,Fish,ECOTOX,159139,,,水生,淡水,,U,,,,,
7664-41-7,Ammonia,急性,LC50,生存,0.88,4,,トウゴロウイワシ科の一種(Menidia beryllina),魚類,Fish,ECOTOX,202154,,,水生,海水,,U,NH3,,,,
7664-41-7,Ammonia,急性,LC50,生存,0.88,4,,ペルカ科の一種(Etheostoma spectabile),魚類,Fish,ECOTOX,190499,,,水生,淡水,,U,NH3,,,,
7664-41-7,Ammonia,急性,LC50,生存,0.97,1,,コイ(Cyprinus carpio),魚類,Fish,ECOTOX,159138,,,水生,淡水,,U,,,,,
7664-41-7,Ammonia,急性,LC50,生存,0.98,4,,トウゴロウイワシ科の一種(Menidia beryllina),魚類,Fish,ECOTOX,202133,,,水生,海水,,U,NH3,,,,
7664-41-7,Ammonia,急性,LC50,生存,1.02,2,,アメリカナマズ(Ictalurus punctatus),魚類,Fish,ECOTOX,18066,,,水生,その他(NR),,T,N,,,,
7664-41-7,Ammonia,急性,LC50,生存,1.09,4,,シマスズキ(Morone saxatilis),魚類,Fish,ECOTOX,202153,,,水生,海水,,U,NH3,,,,
7664-41-7,Ammonia,急性,LC50,生存,1.16,4,,トウゴロウイワシ科の一種(Menidia beryllina),魚類,Fish,ECOTOX,202162,,,水生,海水,,U,NH3,,,,
7664-41-7,Ammonia,急性,LC50,生存,1.17,4,,ブルーギル(Lepomis macrochirus),魚類,Fish,ECOTOX,190502,,,水生,淡水,,U,NH3,,,,
7664-41-7,Ammonia,急性,LC50,生存,1.18,2,,アメリカナマズ(Ictalurus punctatus),魚類,Fish,ECOTOX,18064,,,水生,その他(NR),,T,N,,,,
7664-41-7,Ammonia,急性,LC50,生存,1.19,4,,グッピー(Poecilia reticulata),魚類,Fish,ECOTOX,190339,8.70(6.8-10.6) MM,,水生,淡水,,U,N,,,,
7664-41-7,Ammonia,急性,LC50,生存,1.2,1,,(Nothobranchius guentheri),魚類,Fish,ECOTOX,211245,,,水生,淡水,,U,NH3,,,,
7664-41-7,Ammonia,急性,LC50,生存,1.2,3,,グッピー(Poecilia reticulata),魚類,Fish,ECOTOX,190338,8.70(6.8-10.6) MM,,水生,淡水,,U,N,,,,
7664-41-7,Ammonia,急性,LC50,生存,1.21,2,,グッピー(Poecilia reticulata),魚類,Fish,ECOTOX,190329,8.0(7.1-11.0) MM,,水生,淡水,,U,N,,,,
7664-41-7,Ammonia,急性,LC50,生存,1.21,3,,グッピー(Poecilia reticulata),魚類,Fish,ECOTOX,190330,8.0(7.1-11.0) MM,,水生,淡水,,U,N,,,,
7664-41-7,Ammonia,急性,LC50,生存,1.21,4,,グッピー(Poecilia reticulata),魚類,Fish,ECOTOX,190331,8.0(7.1-11.0) MM,,水生,淡水,,U,N,,,,
7664-41-7,Ammonia,急性,LC50,生存,1.23,0.625,,コイ(Cyprinus carpio),魚類,Fish,ECOTOX,159137,,,水生,淡水,,U,,,,,
7664-41-7,Ammonia,急性,LC50,生存,1.25,2,,グッピー(Poecilia reticulata),魚類,Fish,ECOTOX,190337,8.70(6.8-10.6) MM,,水生,淡水,,U,N,,,,
7664-41-7,Ammonia,急性,LC50,生存,1.26,2,,アメリカナマズ(Ictalurus punctatus),魚類,Fish,ECOTOX,18065,,,水生,その他(NR),,T,N,,,,
7664-41-7,Ammonia,急性,LC50,生存,1.31,3,,グッピー(Poecilia reticulata),魚類,Fish,ECOTOX,190334,8.25(6.3-11.0) MM,,水生,淡水,,U,N,,,,
7664-41-7,Ammonia,急性,LC50,生存,1.31,4,,グッピー(Poecilia reticulata),魚類,Fish,ECOTOX,190335,8.25(6.3-11.0) MM,,水生,淡水,,U,N,,,,
7664-41-7,Ammonia,急性,LC50,生存,1.34,2,,グッピー(Poecilia reticulata),魚類,Fish,ECOTOX,190333,8.25(6.3-11.0) MM,,水生,淡水,,U,N,,,,
7664-41-7,Ammonia,急性,LC50,生存,1.35,1,,グッピー(Poecilia reticulata),魚類,Fish,ECOTOX,190332,8.25(6.3-11.0) MM,,水生,淡水,,U,N,,,,
7664-41-7,Ammonia,急性,LC50,生存,1.48,1,,グッピー(Poecilia reticulata),魚類,Fish,ECOTOX,190328,8.0(7.1-11.0) MM,,水生,淡水,,U,N,,,,
7664-41-7,Ammonia,急性,LC50,生存,1.53,2,,アメリカナマズ(Ictalurus punctatus),魚類,Fish,ECOTOX,18063,,,水生,その他(NR),,T,N,,,,
7664-41-7,Ammonia,急性,LC50,生存,1.55,4,,ガラクシアス属の一種(Galaxias maculatus),魚類,Fish,ECOTOX,119044,"0.4-1.3 G, 42-62 MM",,水生,淡水,,U,N,,,,
7664-41-7,Ammonia,急性,LC50,生存,1.57,1,,グッピー(Poecilia reticulata),魚類,Fish,ECOTOX,190336,8.70(6.8-10.6) MM,,水生,淡水,,U,N,,,,
7664-41-7,Ammonia,急性,LC50,生存,1.6,4,,ガラクシアス属の一種(Galaxias maculatus),魚類,Fish,ECOTOX,119045,"0.4-1.3 G, 42-62 MM",,水生,淡水,,U,N,,,,
7664-41-7,Ammonia,急性,LC50,生存,1.61,2,,アメリカナマズ(Ictalurus punctatus),魚類,Fish,ECOTOX,18062,,,水生,その他(NR),,T,N,,,,
7664-41-7,Ammonia,急性,LC50,生存,1.64,4,,トウゴロウイワシ科の一種(Menidia beryllina),魚類,Fish,ECOTOX,202159,,,水生,海水,,U,NH3,,,,
7664-41-7,Ammonia,急性,LC50,生存,1.7,4,,トウゴロウイワシ科の一種(Menidia beryllina),魚類,Fish,ECOTOX,202134,,,水生,海水,,U,NH3,,,,
7664-41-7,Ammonia,急性,LC50,生存,1.77,4,,トウゴロウイワシ科の一種(Menidia beryllina),魚類,Fish,ECOTOX,202156,,,水生,海水,,U,NH3,,,,
7664-41-7,Ammonia,急性,LC50,生存,1.94,4,,トウゴロウイワシ科の一種(Menidia beryllina),魚類,Fish,ECOTOX,202129,,,水生,海水,,U,NH3,,,,
7664-41-7,Ammonia,急性,LC50,生存,2,4,,マダイ(Pagrus major),魚類,Fish,ECOTOX,53940,"7.80MM BODY LENGTH, 7.47MG",毒性値は<,水生,海水,,T,N,,,,
7664-41-7,Ammonia,急性,LC50,生存,2.01,4,,トウゴロウイワシ科の一種(Menidia beryllina),魚類,Fish,ECOTOX,202158,,,水生,海水,,T,NH4,,,,
7664-41-7,Ammonia,急性,LC50,生存,2.1,4,,シープスヘッドミノー(Cyprinodon variegatus),魚類,Fish,ECOTOX,202138,12.5-15.5 MM,,水生,海水,,U,NH3,,,,
7664-41-7,Ammonia,急性,LC50,生存,2.33,4,,コイ科の一種(Cyprinella lutrensis),魚類,Fish,ECOTOX,190500,CEDAR CREEK SHINERS,,水生,淡水,,U,NH3,,,,
7664-41-7,Ammonia,急性,LC50,生存,2.6,2.833333333,,マダイ(Pagrus major),魚類,Fish,ECOTOX,51543,"7.80MM BODY LENGTH, 7.47MG",,水生,海水,,T,N,,,,
7664-41-7,Ammonia,急性,LC50,生存,2.6,4,,コイ科の一種(Cyprinella lutrensis),魚類,Fish,ECOTOX,190501,MILL CREEK SHINERS,,水生,淡水,,U,NH3,,,,
7664-41-7,Ammonia,急性,LC50,生存,2.79,4,,シープスヘッドミノー(Cyprinodon variegatus),魚類,Fish,ECOTOX,202139,12.5-14.5 MM,,水生,海水,,U,NH3,,,,
7664-41-7,Ammonia,急性,LC50,生存,2.9,1.833333333,,マダイ(Pagrus major),魚類,Fish,ECOTOX,48616,"7.80MM BODY LENGTH, 7.47MG",,水生,海水,,T,N,,,,
7664-41-7,Ammonia,急性,LC50,生存,3.51,4,,シープスヘッドミノー(Cyprinodon variegatus),魚類,Fish,ECOTOX,202144,12.5-15.5 MM,,水生,海水,,U,NH3,,,,
7664-41-7,Ammonia,急性,LC50,生存,3.55,4,,トウゴロウイワシ科の一種(Menidia beryllina),魚類,Fish,ECOTOX,202162,,,水生,海水,,T,NH4,,,,
7664-41-7,Ammonia,急性,LC50,生存,4.25,4,,ウォーキングキャットフィッシュ(Clarias batrachus),魚類,Fish,ECOTOX,150262,,,水生,淡水,,U,,,,,
7664-41-7,Ammonia,急性,LC50,生存,4.6,1.083333333,,マダイ(Pagrus major),魚類,Fish,ECOTOX,53942,"12.36 MM BODY, 15.54 MM TOTAL/",,水生,海水,,T,N,,,,
7664-41-7,Ammonia,急性,LC50,生存,4.8,2.041666667,,マダイ(Pagrus major),魚類,Fish,ECOTOX,53943,"12.36 MM BODY, 15.54 MM TOTAL/",,水生,海水,,T,N,,,,
7664-41-7,Ammonia,急性,LC50,生存,5,0.875,,マダイ(Pagrus major),魚類,Fish,ECOTOX,47635,"7.80MM BODY LENGTH, 7.47MG",,水生,海水,,T,N,,,,
7664-41-7,Ammonia,急性,LC50,生存,5.9,4,,ファットヘッドミノー(Pimephales promelas),魚類,Fish,ECOTOX,17595,"5.1-6.4 CM, 1.5 G",,水生,淡水,,T,N,,,,
7664-41-7,Ammonia,急性,LC50,生存,8.2,4,,ファットヘッドミノー(Pimephales promelas),魚類,Fish,ECOTOX,17594,"5.1-6.4 CM, 1.5 G",,水生,淡水,,T,N,,,,
7664-41-7,Ammonia,急性,LC50,生存,10,4,,バラマンディ(Lates calcarifer),魚類,Fish,ECOTOX,752996,"0.12 G, WTINT, 1.4 CM",,水生,海水,,T,N,,,,
7664-41-7,Ammonia,急性,LC50,生存,18,4,,バラマンディ(Lates calcarifer),魚類,Fish,ECOTOX,752148,"0.11 G, WTINT, 1.3 CM",,水生,海水,,T,N,,,,
7664-41-7,Ammonia,急性,LC50,生存,20.32,4,,トウゴロウイワシ科の一種(Menidia beryllina),魚類,Fish,ECOTOX,202154,,,水生,海水,,T,NH4,,,,
7664-41-7,Ammonia,急性,LC50,生存,20.65,4,,サバヒー(Chanos chanos),魚類,Fish,ECOTOX,747822,"2 TO 4 G, WTINT",,水生,淡水,,T,N,,,,
7664-41-7,Ammonia,急性,LC50,生存,27.06,4,,トウゴロウイワシ科の一種(Menidia beryllina),魚類,Fish,ECOTOX,202134,,,水生,海水,,T,NH4,,,,
7664-41-7,Ammonia,急性,LC50,生存,38.01,4,,トウゴロウイワシ科の一種(Menidia beryllina),魚類,Fish,ECOTOX,202133,,,水生,海水,,T,NH4,,,,
7664-41-7,Ammonia,急性,LC50,生存,41.6,4,,ドジョウ亜科の一種(Lepidocephalichthys guntea),魚類,Fish,ECOTOX,746358,"1.50 TO 1.80 G, WTINT, 5.25 TO 5.78/",,水生,淡水,,T,N,,,,
7664-41-7,Ammonia,急性,LC50,生存,42.4,3,,ドジョウ亜科の一種(Lepidocephalichthys guntea),魚類,Fish,ECOTOX,746357,"1.50 TO 1.80 G, WTINT, 5.25 TO 5.78/",,水生,淡水,,T,N,,,,
7664-41-7,Ammonia,急性,LC50,生存,42.86,4,,トウゴロウイワシ科の一種(Menidia beryllina),魚類,Fish,ECOTOX,202129,,,水生,海水,,T,NH4,,,,
7664-41-7,Ammonia,急性,LC50,生存,43.6,2,,ドジョウ亜科の一種(Lepidocephalichthys guntea),魚類,Fish,ECOTOX,747176,"1.50 TO 1.80 G, WTINT, 5.25 TO 5.78/",,水生,淡水,,T,N,,,,
7664-41-7,Ammonia,急性,LC50,生存,45.2,1,,ドジョウ亜科の一種(Lepidocephalichthys guntea),魚類,Fish,ECOTOX,746356,"1.50 TO 1.80 G, WTINT, 5.25 TO 5.78/",,水生,淡水,,T,N,,,,
7664-41-7,Ammonia,急性,LC50,生存,45.64,4,,トウゴロウイワシ科の一種(Menidia beryllina),魚類,Fish,ECOTOX,202156,,,水生,海水,,T,NH4,,,,
7664-41-7,Ammonia,急性,LC50,生存,54.77,4,,シマスズキ(Morone saxatilis),魚類,Fish,ECOTOX,202150,,,水生,海水,,T,NH4,,,,
7664-41-7,Ammonia,急性,LC50,生存,55.98,4,,シマスズキ(Morone saxatilis),魚類,Fish,ECOTOX,202149,,,水生,海水,,T,NH4,,,,
7664-41-7,Ammonia,急性,LC50,生存,56,4,,シマスズキ(Morone saxatilis),魚類,Fish,ECOTOX,202145,,,水生,海水,,T,NH4,,,,
7664-41-7,Ammonia,急性,LC50,生存,71.1,4,,グッピー(Poecilia reticulata),魚類,Fish,ECOTOX,190339,8.70(6.8-10.6) MM,,水生,淡水,,T,N,,,,
7664-41-7,Ammonia,急性,LC50,生存,74.2,3,,グッピー(Poecilia reticulata),魚類,Fish,ECOTOX,190334,8.25(6.3-11.0) MM,,水生,淡水,,T,N,,,,
7664-41-7,Ammonia,急性,LC50,生存,74.2,4,,グッピー(Poecilia reticulata),魚類,Fish,ECOTOX,190335,8.25(6.3-11.0) MM,,水生,淡水,,T,N,,,,
7664-41-7,Ammonia,急性,LC50,生存,74.4,3,,グッピー(Poecilia reticulata),魚類,Fish,ECOTOX,190338,8.70(6.8-10.6) MM,,水生,淡水,,T,N,,,,
7664-41-7,Ammonia,急性,LC50,生存,75.5,2,,グッピー(Poecilia reticulata),魚類,Fish,ECOTOX,190337,8.70(6.8-10.6) MM,,水生,淡水,,T,N,,,,
7664-41-7,Ammonia,急性,LC50,生存,76,4,,バラマンディ(Lates calcarifer),魚類,Fish,ECOTOX,752149,"0.2 G, WTINT, 1.5 CM",毒性値は>,水生,海水,,T,N,,,,
7664-41-7,Ammonia,急性,LC50,生存,78,2,,グッピー(Poecilia reticulata),魚類,Fish,ECOTOX,190333,8.25(6.3-11.0) MM,,水生,淡水,,T,N,,,,
7664-41-7,Ammonia,急性,LC50,生存,78.6,4,,シマスズキ(Morone saxatilis),魚類,Fish,ECOTOX,202153,,,水生,海水,,T,NH4,,,,
7664-41-7,Ammonia,急性,LC50,生存,79,1,,グッピー(Poecilia reticulata),魚類,Fish,ECOTOX,190332,8.25(6.3-11.0) MM,,水生,淡水,,T,N,,,,
7664-41-7,Ammonia,急性,LC50,生存,80.67,4,,シープスヘッドミノー(Cyprinodon variegatus),魚類,Fish,ECOTOX,202144,12.5-15.5 MM,,水生,海水,,T,NH4,,,,
7664-41-7,Ammonia,急性,LC50,生存,90.24,4,,シープスヘッドミノー(Cyprinodon variegatus),魚類,Fish,ECOTOX,202138,12.5-15.5 MM,,水生,海水,,T,NH4,,,,
7664-41-7,Ammonia,急性,LC50,生存,94,1,,グッピー(Poecilia reticulata),魚類,Fish,ECOTOX,190336,8.70(6.8-10.6) MM,,水生,淡水,,T,N,,,,
7664-41-7,Ammonia,急性,LC50,生存,103,2,,インディアンスネークヘッド(Channa punctata),魚類,Fish,ECOTOX,150169,,,水生,淡水,,F,,,,,
7664-41-7,Ammonia,急性,LC50,生存,117,4,,ブルーギル(Lepomis macrochirus),魚類,Fish,ECOTOX,2109428,0.29 g,毒性値は>,水生,淡水,,NC,NC,,,,
7664-41-7,Aqueous Ammonia (Busan 1215 formulation),急性,LC50,生存,117,4,1,ブルーギル(Lepomis macrochirus),魚類,Fish,米国環境省の農薬生態毒性データ,22919,0.29 g,ガイドラインはFreshwater Fish Acute-warm and coldwater species with TGAI or TEP; 毒性値は>; ,水生,,,,,,,,C
7664-41-7,Ammonia,急性,LC50,生存,121.19,4,,シープスヘッドミノー(Cyprinodon variegatus),魚類,Fish,ECOTOX,202139,12.5-14.5 MM,,水生,海水,,T,NH4,,,,
7664-41-7,Ammonia,急性,LC50,生存,126,4,,ニジマス(Oncorhynchus mykiss),魚類,Fish,ECOTOX,2109429,0.42 g,毒性値は>,水生,淡水,,NC,NC,,,,
7664-41-7,Aqueous Ammonia (Busan 1215 formulation),急性,LC50,生存,126,4,1,ニジマス(Oncorhynchus mykiss),魚類,Fish,米国環境省の農薬生態毒性データ,22920,0.42 g,ガイドラインはFreshwater Fish Acute-warm and coldwater species with TGAI or TEP; 毒性値は>; ,水生,,,,,,,,C
7664-41-7,Ammonia,急性,LC50,生存,128.2,2,,グッピー(Poecilia reticulata),魚類,Fish,ECOTOX,190329,8.0(7.1-11.0) MM,,水生,淡水,,T,N,,,,
7664-41-7,Ammonia,急性,LC50,生存,128.2,3,,グッピー(Poecilia reticulata),魚類,Fish,ECOTOX,190330,8.0(7.1-11.0) MM,,水生,淡水,,T,N,,,,
7664-41-7,Ammonia,急性,LC50,生存,128.2,4,,グッピー(Poecilia reticulata),魚類,Fish,ECOTOX,190331,8.0(7.1-11.0) MM,,水生,淡水,,T,N,,,,
7664-41-7,Ammonia,急性,LC50,生存,148,1,,グッピー(Poecilia reticulata),魚類,Fish,ECOTOX,190328,8.0(7.1-11.0) MM,,水生,淡水,,T,N,,,,
7664-41-7,Ammonia,急性,LC50,生存,255.2,0.5,,アメリカナマズ(Ictalurus punctatus),魚類,Fish,ECOTOX,101738,,,水生,淡水,,T,N,,,,
7664-41-7,Ammonia,急性,LC50,生存,269.9,1,,アメリカナマズ(Ictalurus punctatus),魚類,Fish,ECOTOX,101739,,,水生,淡水,,T,N,,,,
7664-41-7,Ammonia,急性,LC50,生存,282.7,2,,アメリカナマズ(Ictalurus punctatus),魚類,Fish,ECOTOX,101740,,,水生,淡水,,T,N,,,,
7664-41-7,Ammonia,急性,LC50,生存,305.5,0.25,,アメリカナマズ(Ictalurus punctatus),魚類,Fish,ECOTOX,101737,,,水生,淡水,,T,N,,,,
7664-41-7,Ammonia,急性,LC50,生存,338.37,4,,トウゴロウイワシ科の一種(Menidia beryllina),魚類,Fish,ECOTOX,202159,,,水生,海水,,T,NH4,,,,
7664-93-9,Sulfuric acid,急性,LC50,生存,42,1,,カダヤシ(Gambusia affinis),魚類,Fish,ECOTOX,2064223,,,水生,淡水,,F,,,,,
7664-93-9,Sulfuric acid,急性,LC50,生存,42,2,,カダヤシ(Gambusia affinis),魚類,Fish,ECOTOX,2064225,,,水生,淡水,,F,,,,,
7664-93-9,Sulfuric acid,急性,LC50,生存,42,4,,カダヤシ(Gambusia affinis),魚類,Fish,ECOTOX,2064226,,,水生,淡水,,F,,,,,
76674-21-0,Flutriafol 125 g/L SC formulation,急性,LC50,生存,7.8,4,1,ニジマス(Oncorhynchus mykiss),魚類,Fish,米国環境省の農薬生態毒性データ,25802,1.11 g,ガイドラインはFreshwater Fish Acute-warm and coldwater species with TGAI or TEP; ,水生,,,,,,,,C
76674-21-0,Flutriafol 125 g/L SC formulation,急性,LC50,生存,20,4,2,ブルーギル(Lepomis macrochirus),魚類,Fish,米国環境省の農薬生態毒性データ,25794,0.5 g,ガイドラインはFreshwater Fish Acute-warm and coldwater species with TGAI or TEP; ,水生,,,,,,,,S
76674-21-0,Flutriafol,急性,LC50,生存,33,4,1,ブルーギル(Lepomis macrochirus),魚類,Fish,米国環境省の農薬生態毒性データ,25795,0.69 g,ガイドラインはFreshwater Fish Acute-warm and coldwater species with TGAI or TEP; ,水生,,,,,,,,C
76674-21-0,Flutriafol,急性,LC50,生存,61.3,4,1,ニジマス(Oncorhynchus mykiss),魚類,Fish,米国環境省の農薬生態毒性データ,25796,0.9 g,ガイドラインはFreshwater Fish Acute-warm and coldwater species with TGAI or TEP; ,水生,,,,,,,,C
76674-21-0,Flutriafol,急性,LC50,生存,72.2,4,1,シープスヘッドミノー(Cyprinodon variegatus),魚類,Fish,米国環境省の農薬生態毒性データ,25793,0.70 g,"ガイドラインはEstuarine/ Marine Fish, Shellfish, Shrimp Acute using TGAI or TEP; 毒性値は>; ",水生,,,,,,,,C
767-00-0,"CYANOPHENOL, 4-",急性,EC50,死亡,22.65,4,2,ニジマス(Oncorhynchus mykiss),魚類,魚類,EAT,5304,,,水生,淡水,,,,,,,
767-00-0,p-Hydroxybenzonitrile,急性,LC50,生存,22.648,4,,ニジマス(Oncorhynchus mykiss),魚類,Fish,ECOTOX,2061592,4.6-6.4 CM SL,,水生,淡水,,A,,,,,
767-00-0,p-Hydroxybenzonitrile,急性,LC50,生存,380,0.083333333,,カダヤシ目の一種(Jordanella floridae),魚類,Fish,ECOTOX,116465,,,水生,淡水,,F,,,,,
76703-62-3,"(1R,3R)-3-(2-Chloro-3,3,3-trifluoro-1-propenyl)-2,2-dimethylcyclopropanecarboxylic acid (S)-cyano(3-phenoxyphenyl)methyl ester",急性,EC50,生存,0.09,4,,ゼブラフィッシュ(Danio rerio),魚類,Fish,ECOTOX,781899,,,水生,淡水,,F,,,,,
76703-62-3,"(1R,3R)-3-(2-Chloro-3,3,3-trifluoro-1-propenyl)-2,2-dimethylcyclopropanecarboxylic acid (S)-cyano(3-phenoxyphenyl)methyl ester",急性,EC50,生存,0.3,2,,ゼブラフィッシュ(Danio rerio),魚類,Fish,ECOTOX,785340,,毒性値は>,水生,淡水,,F,,,,,
76703-62-3,"(1R,3R)-3-(2-Chloro-3,3,3-trifluoro-1-propenyl)-2,2-dimethylcyclopropanecarboxylic acid (S)-cyano(3-phenoxyphenyl)methyl ester",急性,EC50,生存,0.46,3,,ゼブラフィッシュ(Danio rerio),魚類,Fish,ECOTOX,785356,,,水生,淡水,,F,,,,,
76703-62-3,"(1R,3R)-3-(2-Chloro-3,3,3-trifluoro-1-propenyl)-2,2-dimethylcyclopropanecarboxylic acid (S)-cyano(3-phenoxyphenyl)methyl ester",急性,EC50,組織構造,0.3,2,,ゼブラフィッシュ(Danio rerio),魚類,Fish,ECOTOX,785341,,毒性値は>,水生,淡水,,F,,,,,
76703-62-3,"(1R,3R)-3-(2-Chloro-3,3,3-trifluoro-1-propenyl)-2,2-dimethylcyclopropanecarboxylic acid (S)-cyano(3-phenoxyphenyl)methyl ester",急性,EC50,組織構造,0.3,2,,ゼブラフィッシュ(Danio rerio),魚類,Fish,ECOTOX,785342,,毒性値は>,水生,淡水,,F,,,,,
76703-62-3,"(1R,3R)-3-(2-Chloro-3,3,3-trifluoro-1-propenyl)-2,2-dimethylcyclopropanecarboxylic acid (S)-cyano(3-phenoxyphenyl)methyl ester",急性,EC50,組織構造,0.3,3,,ゼブラフィッシュ(Danio rerio),魚類,Fish,ECOTOX,781902,,毒性値は>,水生,淡水,,F,,,,,
76703-62-3,"(1R,3R)-3-(2-Chloro-3,3,3-trifluoro-1-propenyl)-2,2-dimethylcyclopropanecarboxylic acid (S)-cyano(3-phenoxyphenyl)methyl ester",急性,EC50,組織構造,0.3,3,,ゼブラフィッシュ(Danio rerio),魚類,Fish,ECOTOX,785357,,毒性値は>,水生,淡水,,F,,,,,
76703-62-3,"(1R,3R)-3-(2-Chloro-3,3,3-trifluoro-1-propenyl)-2,2-dimethylcyclopropanecarboxylic acid (S)-cyano(3-phenoxyphenyl)methyl ester",急性,EC50,組織構造,0.3,4,,ゼブラフィッシュ(Danio rerio),魚類,Fish,ECOTOX,785360,,毒性値は>,水生,淡水,,F,,,,,
76703-62-3,"(1R,3R)-3-(2-Chloro-3,3,3-trifluoro-1-propenyl)-2,2-dimethylcyclopropanecarboxylic acid (S)-cyano(3-phenoxyphenyl)methyl ester",急性,EC50,組織構造,0.34,4,,ゼブラフィッシュ(Danio rerio),魚類,Fish,ECOTOX,785361,,,水生,淡水,,F,,,,,
76703-62-3,"(1R,3R)-3-(2-Chloro-3,3,3-trifluoro-1-propenyl)-2,2-dimethylcyclopropanecarboxylic acid (S)-cyano(3-phenoxyphenyl)methyl ester",急性,LC50,生存,2.86E-05,4,,ブルーギル(Lepomis macrochirus),魚類,Fish,ECOTOX,2102075,0.211,,水生,淡水,,NC,NC,,,,
76703-62-3,Gamma cyhalothrin,急性,LC50,生存,2.86E-05,4,2,ブルーギル(Lepomis macrochirus),魚類,Fish,米国環境省の農薬生態毒性データ,16687,0.211,ガイドラインはFreshwater Fish Acute-warm and coldwater species with TGAI or TEP; ,水生,,,,,,,,S
76703-62-3,Gamma-Cyhalothrin XR 225,急性,LC50,生存,5.00E-05,4,1,ブルーギル(Lepomis macrochirus),魚類,Fish,米国環境省の農薬生態毒性データ,22013,0.15 g,ガイドラインはFreshwater Fish Acute-warm and coldwater species with TGAI or TEP; ,水生,,,,,,,,C
76703-62-3,"(1R,3R)-3-(2-Chloro-3,3,3-trifluoro-1-propenyl)-2,2-dimethylcyclopropanecarboxylic acid (S)-cyano(3-phenoxyphenyl)methyl ester",急性,LC50,生存,6.30E-05,4,,ブルーギル(Lepomis macrochirus),魚類,Fish,ECOTOX,2116131,0.15 g,,水生,淡水,,NC,NC,,,,
76703-62-3,"(1R,3R)-3-(2-Chloro-3,3,3-trifluoro-1-propenyl)-2,2-dimethylcyclopropanecarboxylic acid (S)-cyano(3-phenoxyphenyl)methyl ester",急性,LC50,生存,7.20E-05,4,,ニジマス(Oncorhynchus mykiss),魚類,Fish,ECOTOX,2108952,0.5 g,,水生,淡水,,NC,NC,,,,
76703-62-3,Gamma cyhalothrin,急性,LC50,生存,7.20E-05,4,2,ニジマス(Oncorhynchus mykiss),魚類,Fish,米国環境省の農薬生態毒性データ,16686,0.5 g,ガイドラインはFreshwater Fish Acute-warm and coldwater species with TGAI or TEP; ,水生,,,,,,,,S
76703-62-3,"(1R,3R)-3-(2-Chloro-3,3,3-trifluoro-1-propenyl)-2,2-dimethylcyclopropanecarboxylic acid (S)-cyano(3-phenoxyphenyl)methyl ester",急性,LC50,生存,0.00019,4,,ニジマス(Oncorhynchus mykiss),魚類,Fish,ECOTOX,2111209,0.52 g,,水生,淡水,,NC,NC,,,,
76703-62-3,Gamma cyhalothrin,急性,LC50,生存,0.00019,4,2,ニジマス(Oncorhynchus mykiss),魚類,Fish,米国環境省の農薬生態毒性データ,16698,0.52 g,ガイドラインはFreshwater Fish Acute-warm and coldwater species with TGAI or TEP; ,水生,,,,,,,,S
76703-62-3,"(1R,3R)-3-(2-Chloro-3,3,3-trifluoro-1-propenyl)-2,2-dimethylcyclopropanecarboxylic acid (S)-cyano(3-phenoxyphenyl)methyl ester",急性,LC50,生存,0.0003,4,,ゼブラフィッシュ(Danio rerio),魚類,Fish,ECOTOX,781529,"0.33 G, WTINT",,水生,淡水,,F,,,,,
76703-62-3,"(1R,3R)-3-(2-Chloro-3,3,3-trifluoro-1-propenyl)-2,2-dimethylcyclopropanecarboxylic acid (S)-cyano(3-phenoxyphenyl)methyl ester",急性,LC50,生存,0.0011,4,,ニジマス(Oncorhynchus mykiss),魚類,Fish,ECOTOX,2115844,0.52 g,,水生,淡水,,NC,NC,,,,
76703-62-3,Gamma cyhalothrin (GF-231 formulation),急性,LC50,生存,0.0011,4,1,ニジマス(Oncorhynchus mykiss),魚類,Fish,米国環境省の農薬生態毒性データ,18071,0.52 g,ガイドラインはFreshwater Fish Acute-warm and coldwater species with TGAI or TEP; ,水生,,,,,,,,C
76703-62-3,"(1R,3R)-3-(2-Chloro-3,3,3-trifluoro-1-propenyl)-2,2-dimethylcyclopropanecarboxylic acid (S)-cyano(3-phenoxyphenyl)methyl ester",急性,LC50,生存,0.12,1,,ゼブラフィッシュ(Danio rerio),魚類,Fish,ECOTOX,785381,,毒性値は>,水生,淡水,,F,,,,,
76703-62-3,"(1R,3R)-3-(2-Chloro-3,3,3-trifluoro-1-propenyl)-2,2-dimethylcyclopropanecarboxylic acid (S)-cyano(3-phenoxyphenyl)methyl ester",急性,LC50,生存,0.12,2,,ゼブラフィッシュ(Danio rerio),魚類,Fish,ECOTOX,785382,,毒性値は>,水生,淡水,,F,,,,,
76703-62-3,"(1R,3R)-3-(2-Chloro-3,3,3-trifluoro-1-propenyl)-2,2-dimethylcyclopropanecarboxylic acid (S)-cyano(3-phenoxyphenyl)methyl ester",急性,LC50,生存,0.12,3,,ゼブラフィッシュ(Danio rerio),魚類,Fish,ECOTOX,785383,,毒性値は>,水生,淡水,,F,,,,,
76703-62-3,"(1R,3R)-3-(2-Chloro-3,3,3-trifluoro-1-propenyl)-2,2-dimethylcyclopropanecarboxylic acid (S)-cyano(3-phenoxyphenyl)methyl ester",急性,LC50,生存,0.12,4,,ゼブラフィッシュ(Danio rerio),魚類,Fish,ECOTOX,785384,,毒性値は>,水生,淡水,,F,,,,,
76703-62-3,"(1R,3R)-3-(2-Chloro-3,3,3-trifluoro-1-propenyl)-2,2-dimethylcyclopropanecarboxylic acid (S)-cyano(3-phenoxyphenyl)methyl ester",急性,LC50,生存,0.3,2,,ゼブラフィッシュ(Danio rerio),魚類,Fish,ECOTOX,785338,,毒性値は>,水生,淡水,,F,,,,,
76703-62-3,"(1R,3R)-3-(2-Chloro-3,3,3-trifluoro-1-propenyl)-2,2-dimethylcyclopropanecarboxylic acid (S)-cyano(3-phenoxyphenyl)methyl ester",急性,LC50,生存,0.3,3,,ゼブラフィッシュ(Danio rerio),魚類,Fish,ECOTOX,785339,,毒性値は>,水生,淡水,,F,,,,,
7673/9/8,Trichloromelamine,急性,LC50,生存,2,4,1,ニジマス(Oncorhynchus mykiss),魚類,Fish,米国環境省の農薬生態毒性データ,8766,0.58 g,ガイドラインはFreshwater Fish Acute-warm and coldwater species with TGAI or TEP; ,水生,,,,,,,,C
7673/9/8,Trichloromelamine,急性,LC50,生存,4,4,1,ニジマス(Oncorhynchus mykiss),魚類,Fish,米国環境省の農薬生態毒性データ,8763,0.71 g,ガイドラインはFreshwater Fish Acute-warm and coldwater species with TGAI or TEP; ,水生,,,,,,,,C
7673/9/8,Trichloromelamine,急性,LC50,生存,4.5,4,1,ブルーギル(Lepomis macrochirus),魚類,Fish,米国環境省の農薬生態毒性データ,8762,0.5 g,ガイドラインはFreshwater Fish Acute-warm and coldwater species with TGAI or TEP; ,水生,,,,,,,,C
7673/9/8,Trichloromelamine,急性,LC50,生存,5.2,4,1,ブルーギル(Lepomis macrochirus),魚類,Fish,米国環境省の農薬生態毒性データ,8765,0.86 g,ガイドラインはFreshwater Fish Acute-warm and coldwater species with TGAI or TEP; ,水生,,,,,,,,C
76738-62-0,Paclobutrazol,急性,LC50,生存,23.6,4,1,ブルーギル(Lepomis macrochirus),魚類,Fish,米国環境省の農薬生態毒性データ,9556,,ガイドラインはFreshwater Fish Acute-warm and coldwater species with TGAI or TEP; ,水生,,,,,,,,C
76738-62-0,Paclobutrazol,急性,LC50,生存,27.8,4,1,ニジマス(Oncorhynchus mykiss),魚類,Fish,米国環境省の農薬生態毒性データ,9557,,ガイドラインはFreshwater Fish Acute-warm and coldwater species with TGAI or TEP; ,水生,,,,,,,,C
768-94-5,1-ADAMANTANAMINE,急性,LC50,,25,4,,ファットヘッドミノー (Pimephales promelas),魚類,,EPA FHM,547,,,水生,,,,,,,,
768-94-5,"Tricyclo[3.3.1.13,7]decan-1-amine",急性,LC50,生存,25,4,,ファットヘッドミノー(Pimephales promelas),魚類,Fish,ECOTOX,102670,"17.9 MM, 0.083 G",,水生,淡水,,A,,,,,
7681-11-0,Potassium iodide,急性,LC50,生存,896,4,,ニジマス(Oncorhynchus mykiss),魚類,Fish,ECOTOX,20242,50 MM,,水生,淡水,,F,I,,,,
7681-11-0,Potassium iodide,急性,LC50,生存,2190,4,,ニジマス(Oncorhynchus mykiss),魚類,Fish,ECOTOX,201158,,,水生,淡水,,T,,,,,
7681-49-4,Sodium fluoride (NaF),,LC50,生存,64.1,8,,ニジマス(Oncorhynchus mykiss),魚類,Fish,ECOTOX,120078,118.9 MG,,水生,淡水,,T,F,,,,
7681-49-4,Sodium fluoride (NaF),,LC50,生存,73.4,7,,ニジマス(Oncorhynchus mykiss),魚類,Fish,ECOTOX,120077,118.9 MG,,水生,淡水,,T,F,,,,
7681-49-4,Sodium fluoride (NaF),,LC50,生存,85.1,6,,ニジマス(Oncorhynchus mykiss),魚類,Fish,ECOTOX,120076,118.9 MG,,水生,淡水,,T,F,,,,
7681-49-4,Sodium fluoride (NaF),,LC50,生存,92.4,5,,ニジマス(Oncorhynchus mykiss),魚類,Fish,ECOTOX,120075,118.9 MG,,水生,淡水,,T,F,,,,
7681-49-4,Sodium fluoride (NaF),,LC50,生存,97.5,8,,ブラウントラウト(Salmo trutta ssp. fario),魚類,Fish,ECOTOX,131625,123.6 MG,,水生,淡水,,T,F,,,,
7681-49-4,Sodium fluoride (NaF),,LC50,生存,105.1,7,,ブラウントラウト(Salmo trutta ssp. fario),魚類,Fish,ECOTOX,131624,123.6 MG,,水生,淡水,,T,F,,,,
7681-49-4,Sodium fluoride (NaF),,LC50,生存,118.5,6,,ブラウントラウト(Salmo trutta ssp. fario),魚類,Fish,ECOTOX,131623,123.6 MG,,水生,淡水,,T,F,,,,
7681-49-4,Sodium fluoride (NaF),,LC50,生存,131.74,6,,チョウザメ属の一種(Acipenser sinensis),魚類,Fish,ECOTOX,2055956,,,水生,淡水,,T,F,,,,
7681-49-4,Sodium fluoride (NaF),,LC50,生存,135.6,5,,ブラウントラウト(Salmo trutta ssp. fario),魚類,Fish,ECOTOX,131622,123.6 MG,,水生,淡水,,T,F,,,,
7681-49-4,Sodium fluoride (NaF),,LC50,生存,246,17.66666667,,ニジマス(Oncorhynchus mykiss),魚類,Fish,ECOTOX,716381,,,水生,淡水,,T,F,,,,
7681-49-4,Sodium fluoride (NaF),,LC50,生存,251,6.958333333,,ニジマス(Oncorhynchus mykiss),魚類,Fish,ECOTOX,716383,,,水生,淡水,,T,F,,,,
7681-49-4,SODIUM FLUORIDE,急性,EC50,死亡,51,4,2,ニジマス(Oncorhynchus mykiss),魚類,魚類,EAT,1252,,,水生,淡水,,,,,,,
7681-49-4,SODIUM FLUORIDE,急性,EC50,死亡,64.1,8,2,ニジマス(Oncorhynchus mykiss),魚類,魚類,EAT,5612,,,水生,淡水,,,,,,,
7681-49-4,SODIUM FLUORIDE,急性,EC50,死亡,73.4,7,2,ニジマス(Oncorhynchus mykiss),魚類,魚類,EAT,5611,,,水生,淡水,,,,,,,
7681-49-4,SODIUM FLUORIDE,急性,EC50,死亡,85.1,6,2,ニジマス(Oncorhynchus mykiss),魚類,魚類,EAT,5610,,,水生,淡水,,,,,,,
7681-49-4,SODIUM FLUORIDE,急性,EC50,死亡,92.4,5,2,ニジマス(Oncorhynchus mykiss),魚類,魚類,EAT,5609,,,水生,淡水,,,,,,,
7681-49-4,SODIUM FLUORIDE,急性,EC50,死亡,97.5,8,2,ブラウントラウト(Salmo trutta),魚類,魚類,EAT,5617,,,水生,淡水,,,,,,,
7681-49-4,SODIUM FLUORIDE,急性,EC50,死亡,105.1,7,2,ブラウントラウト(Salmo trutta),魚類,魚類,EAT,5616,,,水生,淡水,,,,,,,
7681-49-4,SODIUM FLUORIDE,急性,EC50,死亡,118.5,6,2,ブラウントラウト(Salmo trutta),魚類,魚類,EAT,5615,,,水生,淡水,,,,,,,
7681-49-4,SODIUM FLUORIDE,急性,EC50,死亡,128,4,2,ニジマス(Oncorhynchus mykiss),魚類,魚類,EAT,1253,,,水生,淡水,,,,,,,
7681-49-4,SODIUM FLUORIDE,急性,EC50,死亡,135.6,5,2,ブラウントラウト(Salmo trutta),魚類,魚類,EAT,5614,,,水生,淡水,,,,,,,
7681-49-4,SODIUM FLUORIDE,急性,EC50,死亡,140,4,2,ニジマス(Oncorhynchus mykiss),魚類,魚類,EAT,1254,,,水生,淡水,,,,,,,
7681-49-4,SODIUM FLUORIDE,急性,EC50,死亡,193,4,2,ニジマス(Oncorhynchus mykiss),魚類,魚類,EAT,1255,,,水生,淡水,,,,,,,
7681-49-4,ふっ化ナトリウム,急性,LC50,死亡,51,4,2,ニジマス(Oncorhynchus mykiss),魚類,魚類,日本環境省の環境リスク初期評価書,第006巻 006_1-2-3-05.pdf,NaF,,水生,,,,,A,,,
7681-49-4,ふっ化ナトリウム,急性,LC50,死亡,107.5,4,2,ニジマス(Oncorhynchus mykiss),魚類,魚類,日本環境省の環境リスク初期評価書,第006巻 006_1-2-3-05.pdf,NaF,,水生,,,,,B,,,
7681-49-4,ふっ化ナトリウム,急性,LC50,死亡,128,4,2,ニジマス(Oncorhynchus mykiss),魚類,魚類,日本環境省の環境リスク初期評価書,第006巻 006_1-2-3-05.pdf,NaF,,水生,,,,,A,,,
7681-49-4,ふっ化ナトリウム,急性,LC50,死亡,164.5,4,2,タイセイヨウサケ属(Salmo trutta fario),魚類,魚類,日本環境省の環境リスク初期評価書,第006巻 006_1-2-3-05.pdf,NaF,,水生,,,,,B,,,
7681-49-4,ふっ化ナトリウム,急性,LC50,死亡,193,4,2,ニジマス(Oncorhynchus mykiss),魚類,魚類,日本環境省の環境リスク初期評価書,第006巻 006_1-2-3-05.pdf,NaF,,水生,,,,,A,,,
7681-49-4,ふっ化ナトリウム,急性,LC50,死亡,200,4,,ニジマス(Oncorhynchus mykiss),魚類,魚類,日本環境省の環境リスク初期評価書,第006巻 006_1-2-3-05.pdf,NaF,,水生,,,,,C,,,
7681-49-4,ふっ化ナトリウム,急性,LC50,死亡,205,4,2,ファットヘッドミノー(Pimephales promelas),魚類,魚類,日本環境省の環境リスク初期評価書,第006巻 006_1-2-3-05.pdf,NaF,,水生,,,,,B,,,
7681-49-4,ふっ化ナトリウム,急性,LC50,死亡,226,2,2,キプリノドン科(Cyprinodon variegatus),魚類,魚類,日本環境省の環境リスク初期評価書,第006巻 006_1-2-3-05.pdf,NaF,,水生,,,,,B,,,
7681-49-4,ふっ化ナトリウム,急性,LC50,死亡,315,4,2,ファットヘッドミノー(Pimephales promelas),魚類,魚類,日本環境省の環境リスク初期評価書,第006巻 006_1-2-3-05.pdf,NaF,,水生,,,,,B,,,
7681-49-4,ふっ化ナトリウム,急性,LC50,死亡,340,4,2,イトヨ(降海型)(Gasterosteus aculeatus),魚類,魚類,日本環境省の環境リスク初期評価書,第006巻 006_1-2-3-05.pdf,NaF,,水生,,,,,B,,,
7681-49-4,ふっ化ナトリウム,急性,LC50,死亡,380,4,2,イトヨ(降海型)(Gasterosteus aculeatus),魚類,魚類,日本環境省の環境リスク初期評価書,第006巻 006_1-2-3-05.pdf,NaF,,水生,,,,,B,,,
7681-49-4,Sodium fluoride (NaF),急性,LC50,生存,51,4,,ニジマス(Oncorhynchus mykiss),魚類,Fish,ECOTOX,78723,"58.7 MM, 1.8 G",,水生,淡水,,T,F,,,,
7681-49-4,Sodium fluoride (NaF),急性,LC50,生存,107.5,4,,ニジマス(Oncorhynchus mykiss),魚類,Fish,ECOTOX,120074,118.9 MG,,水生,淡水,,T,F,,,,
7681-49-4,Sodium fluoride (NaF),急性,LC50,生存,125,4,,チョウザメ属の一種(Acipenser baerii),魚類,Fish,ECOTOX,2024802,,,水生,淡水,,T,F,,,,
7681-49-4,Sodium fluoride (NaF),急性,LC50,生存,128,4,,ニジマス(Oncorhynchus mykiss),魚類,Fish,ECOTOX,78724,"58.7 MM, 1.8 G",,水生,淡水,,T,F,,,,
7681-49-4,Sodium fluoride (NaF),急性,LC50,生存,140,4,,ニジマス(Oncorhynchus mykiss),魚類,Fish,ECOTOX,78725,"58.7 MM, 1.8 G",,水生,淡水,,T,F,,,,
7681-49-4,Sodium fluoride (NaF),急性,LC50,生存,164.5,4,,ブラウントラウト(Salmo trutta ssp. fario),魚類,Fish,ECOTOX,131621,123.6 MG,,水生,淡水,,T,F,,,,
7681-49-4,Sodium fluoride (NaF),急性,LC50,生存,180,4,,ファットヘッドミノー(Pimephales promelas),魚類,Fish,ECOTOX,94197,,,水生,淡水,,T,F,,,,
7681-49-4,Sodium fluoride (NaF),急性,LC50,生存,193,4,,ニジマス(Oncorhynchus mykiss),魚類,Fish,ECOTOX,78726,"58.7 MM, 1.8 G",,水生,淡水,,T,,,,,
7681-49-4,Sodium fluoride (NaF),急性,LC50,生存,200,4,,ニジマス(Oncorhynchus mykiss),魚類,Fish,ECOTOX,94194,< 3 G,,水生,淡水,,T,F,,,,
7681-49-4,Sodium fluoride (NaF),急性,LC50,生存,205,4,,ファットヘッドミノー(Pimephales promelas),魚類,Fish,ECOTOX,94198,,,水生,淡水,,T,F,,,,
7681-49-4,Sodium fluoride (NaF),急性,LC50,生存,300,4,,インディアンスネークヘッド(Channa punctata),魚類,Fish,ECOTOX,716377,25 G,,水生,淡水,,T,F,,,,
7681-49-4,Sodium fluoride (NaF),急性,LC50,生存,315,4,,ファットヘッドミノー(Pimephales promelas),魚類,Fish,ECOTOX,94195,,,水生,淡水,,T,F,,,,
7681-49-4,Sodium fluoride (NaF),急性,LC50,生存,315,4,,ファットヘッドミノー(Pimephales promelas),魚類,Fish,ECOTOX,94196,,,水生,淡水,,T,F,,,,
7681-49-4,Sodium fluoride (NaF),急性,LC50,生存,317,4,,ニジマス(Oncorhynchus mykiss),魚類,Fish,ECOTOX,2107909,0.5-5g,,水生,淡水,,NC,NC,,,,
7681-49-4,Sodium fluoride,急性,LC50,生存,317,4,1,ニジマス(Oncorhynchus mykiss),魚類,Fish,米国環境省の農薬生態毒性データ,10959,0.5-5g,ガイドラインはFreshwater Fish Acute-warm and coldwater species with TGAI or TEP; ,水生,,,,,,,,C
7681-49-4,Sodium fluoride (NaF),急性,LC50,生存,340,4,,イトヨ(Gasterosteus aculeatus),魚類,Fish,ECOTOX,94191,,,水生,淡水,,T,F,,,,
7681-49-4,Sodium fluoride (NaF),急性,LC50,生存,380,4,,イトヨ(Gasterosteus aculeatus),魚類,Fish,ECOTOX,94192,,,水生,淡水,,T,F,,,,
7681-49-4,Sodium fluoride (NaF),急性,LC50,生存,460,4,,イトヨ(Gasterosteus aculeatus),魚類,Fish,ECOTOX,94193,,,水生,淡水,,T,F,,,,
7681-49-4,Sodium fluoride (NaF),急性,LC50,生存,500,1,,シープスヘッドミノー(Cyprinodon variegatus),魚類,Fish,ECOTOX,126521,8-15 MM SL,毒性値は>,水生,海水,,T,,,,,
7681-49-4,Sodium fluoride (NaF),急性,LC50,生存,500,2,,シープスヘッドミノー(Cyprinodon variegatus),魚類,Fish,ECOTOX,126522,8-15 MM SL,毒性値は>,水生,海水,,T,,,,,
7681-49-4,Sodium fluoride (NaF),急性,LC50,生存,500,3,,シープスヘッドミノー(Cyprinodon variegatus),魚類,Fish,ECOTOX,126523,8-15 MM SL,毒性値は>,水生,海水,,T,,,,,
7681-49-4,Sodium fluoride (NaF),急性,LC50,生存,500,4,,シープスヘッドミノー(Cyprinodon variegatus),魚類,Fish,ECOTOX,126524,8-15 MM SL,毒性値は>,水生,海水,,T,,,,,
7681-49-4,Sodium fluoride (NaF),急性,LC50,生存,530,4,,ブルーギル(Lepomis macrochirus),魚類,Fish,ECOTOX,252375,,毒性値は>,水生,淡水,,T,,,,,
7681-49-4,Sodium fluoride (NaF),急性,LC50,生存,830,4,,ブルーギル(Lepomis macrochirus),魚類,Fish,ECOTOX,2099307,0.53g,,水生,淡水,,NC,NC,,,,
7681-49-4,Sodium fluoride,急性,LC50,生存,830,4,1,ブルーギル(Lepomis macrochirus),魚類,Fish,米国環境省の農薬生態毒性データ,10958,0.53g,ガイドラインはFreshwater Fish Acute-warm and coldwater species with TGAI or TEP; ,水生,,,,,,,,C
7681-49-4,Sodium fluoride (NaF),急性,LC50,生存,925,2,,カダヤシ(Gambusia affinis),魚類,Fish,ECOTOX,2064169,,,水生,淡水,,T,,,,,
7681-49-4,Sodium fluoride (NaF),急性,LC50,生存,925,4,,カダヤシ(Gambusia affinis),魚類,Fish,ECOTOX,2064170,,,水生,淡水,,T,,,,,
7681-49-4,Sodium fluoride (NaF),急性,LC50,生存,1240,1,,カダヤシ(Gambusia affinis),魚類,Fish,ECOTOX,2064168,,,水生,淡水,,T,,,,,
7681-52-9,"Hypochlorous acid, sodium salt (1:1)",,LC50,生存,0.06,8,,ニベ科の一種(Leiostomus xanthurus),魚類,Fish,ECOTOX,115618,"10-20 MM, 100-150 MG",,水生,海水,,T,Cl2,,,,
7681-52-9,"Hypochlorous acid, sodium salt (1:1)",,LC50,生存,0.12,8,,ニベ科の一種(Leiostomus xanthurus),魚類,Fish,ECOTOX,115617,"10-20 MM, 100-150 MG",,水生,海水,,T,Cl2,,,,
7681-52-9,"Hypochlorous acid, sodium salt (1:1)",急性,EC50,NR,0.076,4,,ファットヘッドミノー(Pimephales promelas),魚類,Fish,ECOTOX,765220,"0.0008 TO 0.0014 G, WTINT, 1.2 TO/",,水生,淡水,,T,TRCl,,,,
7681-52-9,"Hypochlorous acid, sodium salt (1:1)",急性,EC50,NR,0.087,4,,コイ科の一種(Hybognathus amarus),魚類,Fish,ECOTOX,765688,"0.0054 TO 0.0056 G, WTINT, 6.4 TO/",,水生,淡水,,T,TRCl,,,,
7681-52-9,"Hypochlorous acid, sodium salt (1:1)",急性,EC50,NR,0.088,3,,ファットヘッドミノー(Pimephales promelas),魚類,Fish,ECOTOX,765219,"0.0008 TO 0.0014 G, WTINT, 1.2 TO/",,水生,淡水,,T,TRCl,,,,
7681-52-9,"Hypochlorous acid, sodium salt (1:1)",急性,EC50,NR,0.114,1,,ファットヘッドミノー(Pimephales promelas),魚類,Fish,ECOTOX,765217,"0.0008 TO 0.0014 G, WTINT, 1.2 TO/",,水生,淡水,,T,TRCl,,,,
7681-52-9,"Hypochlorous acid, sodium salt (1:1)",急性,EC50,NR,0.114,2,,ファットヘッドミノー(Pimephales promelas),魚類,Fish,ECOTOX,765218,"0.0008 TO 0.0014 G, WTINT, 1.2 TO/",,水生,淡水,,T,TRCl,,,,
7681-52-9,"Hypochlorous acid, sodium salt (1:1)",急性,EC50,NR,0.115,3,,コイ科の一種(Hybognathus amarus),魚類,Fish,ECOTOX,765687,"0.0054 TO 0.0056 G, WTINT, 6.4 TO/",,水生,淡水,,T,TRCl,,,,
7681-52-9,"Hypochlorous acid, sodium salt (1:1)",急性,EC50,NR,0.126,1,,コイ科の一種(Hybognathus amarus),魚類,Fish,ECOTOX,765685,"0.0054 TO 0.0056 G, WTINT, 6.4 TO/",,水生,淡水,,T,TRCl,,,,
7681-52-9,"Hypochlorous acid, sodium salt (1:1)",急性,EC50,NR,0.126,2,,コイ科の一種(Hybognathus amarus),魚類,Fish,ECOTOX,765686,"0.0054 TO 0.0056 G, WTINT, 6.4 TO/",,水生,淡水,,T,TRCl,,,,
7681-52-9,SODIUM HYPOCHLORITE,急性,EC50,死亡,0.128,4,2,トウゴロウイワシ科の一種(Menidia beryllina),魚類,魚類,EAT,3656,,,水生,海水,,,,,,,
7681-52-9,SODIUM HYPOCHLORITE,急性,EC50,死亡,0.29,0.020833333,2,ギンザケ(Oncorhynchus kisutch),魚類,魚類,EAT,1885,,,水生,淡水,,,,,,,
7681-52-9,SODIUM HYPOCHLORITE,急性,EC50,死亡,0.3,0.020833333,2,エールワイフ(Alosa pseudoharengus),魚類,魚類,EAT,1880,,,水生,淡水,,,,,,,
7681-52-9,SODIUM HYPOCHLORITE,急性,EC50,死亡,0.53,0.020833333,2,コイ科の一種(Notropis hudsonius),魚類,魚類,EAT,1875,,,水生,淡水,,,,,,,
7681-52-9,SODIUM HYPOCHLORITE,急性,EC50,死亡,0.56,0.020833333,2,ギンザケ(Oncorhynchus kisutch),魚類,魚類,EAT,1882,,,水生,淡水,,,,,,,
7681-52-9,SODIUM HYPOCHLORITE,急性,EC50,死亡,0.9,0.020833333,2,ギンザケ(Oncorhynchus kisutch),魚類,魚類,EAT,1884,,,水生,淡水,,,,,,,
7681-52-9,SODIUM HYPOCHLORITE,急性,EC50,死亡,0.96,0.020833333,2,エールワイフ(Alosa pseudoharengus),魚類,魚類,EAT,1879,,,水生,淡水,,,,,,,
7681-52-9,SODIUM HYPOCHLORITE,急性,EC50,死亡,1,0.020833333,2,コイ科の一種(Notropis hudsonius),魚類,魚類,EAT,1874,,,水生,淡水,,,,,,,
7681-52-9,SODIUM HYPOCHLORITE,急性,EC50,死亡,1.26,0.020833333,2,ギンザケ(Oncorhynchus kisutch),魚類,魚類,EAT,1881,,,水生,淡水,,,,,,,
7681-52-9,SODIUM HYPOCHLORITE,急性,EC50,死亡,1.27,0.020833333,2,キュウリウオ属の一種(Osmerus mordax),魚類,魚類,EAT,1886,,,水生,淡水,,,,,,,
7681-52-9,SODIUM HYPOCHLORITE,急性,EC50,死亡,1.38,0.020833333,2,ギンザケ(Oncorhynchus kisutch),魚類,魚類,EAT,1883,,,水生,淡水,,,,,,,
7681-52-9,SODIUM HYPOCHLORITE,急性,EC50,死亡,1.7,0.020833333,2,エールワイフ(Alosa pseudoharengus),魚類,魚類,EAT,1878,,,水生,淡水,,,,,,,
7681-52-9,SODIUM HYPOCHLORITE,急性,EC50,死亡,2.15,0.020833333,2,エールワイフ(Alosa pseudoharengus),魚類,魚類,EAT,1876,,,水生,淡水,,,,,,,
7681-52-9,SODIUM HYPOCHLORITE,急性,EC50,死亡,2.27,0.020833333,2,エールワイフ(Alosa pseudoharengus),魚類,魚類,EAT,1877,,,水生,淡水,,,,,,,
7681-52-9,SODIUM HYPOCHLORITE,急性,EC50,死亡,2.41,0.020833333,2,コイ科の一種(Notropis hudsonius),魚類,魚類,EAT,1873,,,水生,淡水,,,,,,,
7681-52-9,SODIUM HYPOCHLORITE,急性,EC50,死亡,5.9,4,2,ファットヘッドミノー(Pimephales promelas),魚類,魚類,EAT,4940,,,水生,淡水,,,,,,,
7681-52-9,"Hypochlorous acid, sodium salt (1:1)",急性,LC50,生存,0.032,4,,ギンザケ(Oncorhynchus kisutch),魚類,Fish,ECOTOX,26476,,,水生,海水,,T,Cl2,,,,
7681-52-9,"Hypochlorous acid, sodium salt (1:1)",急性,LC50,生存,0.045,1,,カラフトマス(Oncorhynchus gorbuscha),魚類,Fish,ECOTOX,30712,,,水生,海水,,T,Cl2,,,,
7681-52-9,"Hypochlorous acid, sodium salt (1:1)",急性,LC50,生存,0.045,1,,マスノスケ(Oncorhynchus tshawytscha),魚類,Fish,ECOTOX,30713,,,水生,海水,,T,Cl2,,,,
7681-52-9,"Hypochlorous acid, sodium salt (1:1)",急性,LC50,生存,0.054,4,,トウゴロウイワシ科の一種(Menidia peninsulae),魚類,Fish,ECOTOX,158058,,,水生,海水,,T,,,,,
7681-52-9,Sodium hypochlorite,急性,LC50,生存,0.054,4,1,トウゴロウイワシ科の一種(Menidia peninsulae),魚類,Fish,米国環境省の農薬生態毒性データ,8324,35 D,"ガイドラインはEstuarine/ Marine Fish, Shellfish, Shrimp Acute using TGAI or TEP; ",水生,,,,,,,,C
7681-52-9,"Hypochlorous acid, sodium salt (1:1)",急性,LC50,生存,0.059,4,,ニジマス(Oncorhynchus mykiss),魚類,Fish,ECOTOX,180098,"24.0MM, 98.0 MG WWGT, 17.2 MG DWGT",,水生,淡水,,T,Cl,,,,
7681-52-9,"Hypochlorous acid, sodium salt (1:1)",急性,LC50,生存,0.065,4,,ニシン(Clupea pallasii),魚類,Fish,ECOTOX,26479,,,水生,海水,,T,Cl2,,,,
7681-52-9,"Hypochlorous acid, sodium salt (1:1)",急性,LC50,生存,0.07,4,,アメリカナマズ(Ictalurus punctatus),魚類,Fish,ECOTOX,7162,6-10 CM,,水生,淡水,,T,,,,,
7681-52-9,"Hypochlorous acid, sodium salt (1:1)",急性,LC50,生存,0.071,4,,シャイナーパーチ(Cymatogaster aggregata),魚類,Fish,ECOTOX,26480,,,水生,海水,,T,Cl2,,,,
7681-52-9,"Hypochlorous acid, sodium salt (1:1)",急性,LC50,生存,0.071,4,,シャイナーパーチ(Cymatogaster aggregata),魚類,Fish,ECOTOX,26481,,,水生,海水,,T,Cl2,,,,
7681-52-9,"Hypochlorous acid, sodium salt (1:1)",急性,LC50,生存,0.073,4,,カレイの一種(Parophrys vetulus),魚類,Fish,ECOTOX,26482,,,水生,海水,,T,Cl2,,,,
7681-52-9,"Hypochlorous acid, sodium salt (1:1)",急性,LC50,生存,0.08,4,,ファットヘッドミノー(Pimephales promelas),魚類,Fish,ECOTOX,85712,,,水生,淡水,,T,TRCl,,,,
7681-52-9,"Hypochlorous acid, sodium salt (1:1)",急性,LC50,生存,0.082,4,,イカナゴ属の一種(Ammodytes hexapterus),魚類,Fish,ECOTOX,26483,,,水生,海水,,T,Cl2,,,,
7681-52-9,"Hypochlorous acid, sodium salt (1:1)",急性,LC50,生存,0.082,4,,イカナゴ属の一種(Ammodytes hexapterus),魚類,Fish,ECOTOX,26484,,,水生,海水,,T,Cl2,,,,
7681-52-9,"Hypochlorous acid, sodium salt (1:1)",急性,LC50,生存,0.09,4,,ニジマス(Oncorhynchus mykiss),魚類,Fish,ECOTOX,202449,"6.8-14.2 CM, 3.55-43.51 G",,水生,淡水,,T,TRCl,,,,
7681-52-9,"Hypochlorous acid, sodium salt (1:1)",急性,LC50,生存,0.1,1,,カレイの一種(Pleuronectes ferrugineus),魚類,Fish,ECOTOX,114939,,,水生,海水,,F,Cl2,,,,
7681-52-9,"Hypochlorous acid, sodium salt (1:1)",急性,LC50,生存,0.114,1,,ファットヘッドミノー(Pimephales promelas),魚類,Fish,ECOTOX,765224,"0.0008 TO 0.0014 G, WTINT, 1.2 TO/",,水生,淡水,,T,TRCl,,,,
7681-52-9,"Hypochlorous acid, sodium salt (1:1)",急性,LC50,生存,0.114,2,,ファットヘッドミノー(Pimephales promelas),魚類,Fish,ECOTOX,765223,"0.0008 TO 0.0014 G, WTINT, 1.2 TO/",,水生,淡水,,T,TRCl,,,,
7681-52-9,"Hypochlorous acid, sodium salt (1:1)",急性,LC50,生存,0.114,3,,ファットヘッドミノー(Pimephales promelas),魚類,Fish,ECOTOX,765222,"0.0008 TO 0.0014 G, WTINT, 1.2 TO/",,水生,淡水,,T,TRCl,,,,
7681-52-9,"Hypochlorous acid, sodium salt (1:1)",急性,LC50,生存,0.114,4,,ファットヘッドミノー(Pimephales promelas),魚類,Fish,ECOTOX,765221,"0.0008 TO 0.0014 G, WTINT, 1.2 TO/",,水生,淡水,,T,TRCl,,,,
7681-52-9,"Hypochlorous acid, sodium salt (1:1)",急性,LC50,生存,0.115,3,,コイ科の一種(Hybognathus amarus),魚類,Fish,ECOTOX,765690,"0.0054 TO 0.0056 G, WTINT, 6.4 TO/",,水生,淡水,,T,TRCl,,,,
7681-52-9,"Hypochlorous acid, sodium salt (1:1)",急性,LC50,生存,0.115,4,,コイ科の一種(Hybognathus amarus),魚類,Fish,ECOTOX,765689,"0.0054 TO 0.0056 G, WTINT, 6.4 TO/",,水生,淡水,,T,TRCl,,,,
7681-52-9,"Hypochlorous acid, sodium salt (1:1)",急性,LC50,生存,0.116,1,,カリフォルニアカタクチイワシ(Engraulis mordax),魚類,Fish,ECOTOX,126211,FERTILIZED,,水生,海水,,T,Cl,,,,
7681-52-9,"Hypochlorous acid, sodium salt (1:1)",急性,LC50,生存,0.116,2,,トウゴロウイワシ科の一種(Leuresthes tenuis),魚類,Fish,ECOTOX,125376,,,水生,海水,,T,Cl2,,,,
7681-52-9,"Hypochlorous acid, sodium salt (1:1)",急性,LC50,生存,0.118,1,,トウゴロウイワシ科の一種(Leuresthes tenuis),魚類,Fish,ECOTOX,125375,,,水生,海水,,T,Cl2,,,,
7681-52-9,"Hypochlorous acid, sodium salt (1:1)",急性,LC50,生存,0.126,1,,コイ科の一種(Hybognathus amarus),魚類,Fish,ECOTOX,765692,"0.0054 TO 0.0056 G, WTINT, 6.4 TO/",,水生,淡水,,T,TRCl,,,,
7681-52-9,"Hypochlorous acid, sodium salt (1:1)",急性,LC50,生存,0.126,2,,コイ科の一種(Hybognathus amarus),魚類,Fish,ECOTOX,765691,"0.0054 TO 0.0056 G, WTINT, 6.4 TO/",,水生,淡水,,T,TRCl,,,,
7681-52-9,"Hypochlorous acid, sodium salt (1:1)",急性,LC50,生存,0.128,4,,トウゴロウイワシ科の一種(Menidia beryllina),魚類,Fish,ECOTOX,144043,,,水生,海水,,T,TROX,,,,
7681-52-9,"Hypochlorous acid, sodium salt (1:1)",急性,LC50,生存,0.129,0.020833333,,ギンザケ(Oncorhynchus kisutch),魚類,Fish,ECOTOX,12774,102.0 MM,,水生,海水,,T,,,,,
7681-52-9,"Hypochlorous acid, sodium salt (1:1)",急性,LC50,生存,0.13,0.041666667,,ギンザケ(Oncorhynchus kisutch),魚類,Fish,ECOTOX,12775,102.0 MM,,水生,海水,,T,,,,,
7681-52-9,"Hypochlorous acid, sodium salt (1:1)",急性,LC50,生存,0.135,0.041666667,,ギンザケ(Oncorhynchus kisutch),魚類,Fish,ECOTOX,12771,103.0 MM,,水生,海水,,T,,,,,
7681-52-9,"Hypochlorous acid, sodium salt (1:1)",急性,LC50,生存,0.139,1,,トウゴロウイワシ科の一種(Leuresthes tenuis),魚類,Fish,ECOTOX,125371,,,水生,海水,,T,Cl2,,,,
7681-52-9,"Hypochlorous acid, sodium salt (1:1)",急性,LC50,生存,0.139,2,,トウゴロウイワシ科の一種(Leuresthes tenuis),魚類,Fish,ECOTOX,125372,,,水生,海水,,T,Cl2,,,,
7681-52-9,"Hypochlorous acid, sodium salt (1:1)",急性,LC50,生存,0.14,4,,ファットヘッドミノー(Pimephales promelas),魚類,Fish,ECOTOX,85710,,,水生,淡水,,T,TRCl,,,,
7681-52-9,"Hypochlorous acid, sodium salt (1:1)",急性,LC50,生存,0.142,0.333333333,,トウゴロウイワシ科の一種(Leuresthes tenuis),魚類,Fish,ECOTOX,125370,,,水生,海水,,T,Cl2,,,,
7681-52-9,"Hypochlorous acid, sodium salt (1:1)",急性,LC50,生存,0.143,4,,トウゴロウイワシ科の一種(Menidia beryllina),魚類,Fish,ECOTOX,180105,"10.6 MM 4.81 MG WET WT, /",,水生,海水,,T,Cl,,,,
7681-52-9,"Hypochlorous acid, sodium salt (1:1)",急性,LC50,生存,0.15,0.083333333,,トウゴロウイワシ科の一種(Leuresthes tenuis),魚類,Fish,ECOTOX,125369,,,水生,海水,,T,Cl2,,,,
7681-52-9,"Hypochlorous acid, sodium salt (1:1)",急性,LC50,生存,0.157,0.333333333,,トウゴロウイワシ科の一種(Leuresthes tenuis),魚類,Fish,ECOTOX,125374,,,水生,海水,,T,Cl2,,,,
7681-52-9,"Hypochlorous acid, sodium salt (1:1)",急性,LC50,生存,0.167,4,,イトヨ(Gasterosteus aculeatus),魚類,Fish,ECOTOX,26489,,,水生,海水,,T,Cl2,,,,
7681-52-9,"Hypochlorous acid, sodium salt (1:1)",急性,LC50,生存,0.167,4,,イトヨ(Gasterosteus aculeatus),魚類,Fish,ECOTOX,26490,,,水生,海水,,T,Cl2,,,,
7681-52-9,"Hypochlorous acid, sodium salt (1:1)",急性,LC50,生存,0.17,2,,ナガニベ属の一種(Cynoscion nebulosus),魚類,Fish,ECOTOX,9540,,,水生,海水,,T,Cl2,,,,
7681-52-9,"Hypochlorous acid, sodium salt (1:1)",急性,LC50,生存,0.17,4,,ファットヘッドミノー(Pimephales promelas),魚類,Fish,ECOTOX,85705,,,水生,淡水,,T,TRCl,,,,
7681-52-9,"Hypochlorous acid, sodium salt (1:1)",急性,LC50,生存,0.179,0.010416667,,ギンザケ(Oncorhynchus kisutch),魚類,Fish,ECOTOX,12773,102.0 MM,,水生,海水,,T,,,,,
7681-52-9,"Hypochlorous acid, sodium salt (1:1)",急性,LC50,生存,0.179,1,,カリフォルニアカタクチイワシ(Engraulis mordax),魚類,Fish,ECOTOX,126213,,,水生,海水,,T,Cl,,,,
7681-52-9,"Hypochlorous acid, sodium salt (1:1)",急性,LC50,生存,0.18,4,,ファットヘッドミノー(Pimephales promelas),魚類,Fish,ECOTOX,65688,,,水生,淡水,,T,TRCl,,,,
7681-52-9,"Hypochlorous acid, sodium salt (1:1)",急性,LC50,生存,0.183,2,,カリフォルニアカタクチイワシ(Engraulis mordax),魚類,Fish,ECOTOX,126217,,,水生,海水,,T,Cl,,,,
7681-52-9,"Hypochlorous acid, sodium salt (1:1)",急性,LC50,生存,0.191,0.083333333,,トウゴロウイワシ科の一種(Leuresthes tenuis),魚類,Fish,ECOTOX,125373,,,水生,海水,,T,Cl2,,,,
7681-52-9,"Hypochlorous acid, sodium salt (1:1)",急性,LC50,生存,0.193,4,,トウゴロウイワシ科の一種(Menidia beryllina),魚類,Fish,ECOTOX,180107,"11.6 MM, 8.24 MG WET WT/",,水生,淡水,,T,Cl,,,,
7681-52-9,"Hypochlorous acid, sodium salt (1:1)",急性,LC50,生存,0.2,1,,カレイの一種(Pleuronectes ferrugineus),魚類,Fish,ECOTOX,114938,,,水生,海水,,F,Cl2,,,,
7681-52-9,"Hypochlorous acid, sodium salt (1:1)",急性,LC50,生存,0.2,4,,ニジマス(Oncorhynchus mykiss),魚類,Fish,ECOTOX,2103025,Juv,,水生,淡水,,NC,NC,,,,
7681-52-9,Sodium hypochlorite,急性,LC50,生存,0.2,4,1,ニジマス(Oncorhynchus mykiss),魚類,Fish,米国環境省の農薬生態毒性データ,8320,Juv,ガイドラインはFreshwater Fish Acute-warm and coldwater species with TGAI or TEP; ,水生,,,,,,,,C
7681-52-9,"Hypochlorous acid, sodium salt (1:1)",急性,LC50,生存,0.208,0.041666667,,ギンザケ(Oncorhynchus kisutch),魚類,Fish,ECOTOX,12767,91.2 MM,,水生,海水,,T,,,,,
7681-52-9,"Hypochlorous acid, sodium salt (1:1)",急性,LC50,生存,0.209,2,,トウゴロウイワシ科の一種(Leuresthes tenuis),魚類,Fish,ECOTOX,125368,,,水生,海水,,T,Cl2,,,,
7681-52-9,"Hypochlorous acid, sodium salt (1:1)",急性,LC50,生存,0.21,2,,ナガニベ属の一種(Cynoscion nebulosus),魚類,Fish,ECOTOX,9538,FERTILIZED,,水生,海水,,T,Cl2,,,,
7681-52-9,"Hypochlorous acid, sodium salt (1:1)",急性,LC50,生存,0.21,2,,ナガニベ属の一種(Cynoscion nebulosus),魚類,Fish,ECOTOX,9539,FERTILIZED,,水生,海水,,T,Cl2,,,,
7681-52-9,"Hypochlorous acid, sodium salt (1:1)",急性,LC50,生存,0.212,4,,トウゴロウイワシ科の一種(Menidia beryllina),魚類,Fish,ECOTOX,144066,,,水生,海水,,T,TROX,,,,
7681-52-9,"Hypochlorous acid, sodium salt (1:1)",急性,LC50,生存,0.212,4,,トウゴロウイワシ科の一種(Menidia beryllina),魚類,Fish,ECOTOX,144068,,,水生,海水,,T,TROX,,,,
7681-52-9,"Hypochlorous acid, sodium salt (1:1)",急性,LC50,生存,0.214,0.333333333,,カリフォルニアカタクチイワシ(Engraulis mordax),魚類,Fish,ECOTOX,126208,,,水生,海水,,T,Cl,,,,
7681-52-9,"Hypochlorous acid, sodium salt (1:1)",急性,LC50,生存,0.219,2,,カリフォルニアカタクチイワシ(Engraulis mordax),魚類,Fish,ECOTOX,126218,,,水生,海水,,T,Cl,,,,
7681-52-9,"Hypochlorous acid, sodium salt (1:1)",急性,LC50,生存,0.22,0.041666667,,シャイナーパーチ(Cymatogaster aggregata),魚類,Fish,ECOTOX,12758,56.0 MM,,水生,海水,,T,,,,,
7681-52-9,"Hypochlorous acid, sodium salt (1:1)",急性,LC50,生存,0.223,0.041666667,,シャイナーパーチ(Cymatogaster aggregata),魚類,Fish,ECOTOX,12749,49.0 MM,,水生,海水,,T,,,,,
7681-52-9,"Hypochlorous acid, sodium salt (1:1)",急性,LC50,生存,0.227,0.041666667,,シャイナーパーチ(Cymatogaster aggregata),魚類,Fish,ECOTOX,12762,52.9 MM,,水生,海水,,T,,,,,
7681-52-9,"Hypochlorous acid, sodium salt (1:1)",急性,LC50,生存,0.227,4,,トウゴロウイワシ科の一種(Menidia beryllina),魚類,Fish,ECOTOX,144061,,,水生,海水,,T,TROX,,,,
7681-52-9,"Hypochlorous acid, sodium salt (1:1)",急性,LC50,生存,0.23,0.020833333,,ギンザケ(Oncorhynchus kisutch),魚類,Fish,ECOTOX,12770,103.0 MM,,水生,海水,,T,,,,,
7681-52-9,"Hypochlorous acid, sodium salt (1:1)",急性,LC50,生存,0.23,0.020833333,,コイ科の一種(Notropis atherinoides),魚類,Fish,ECOTOX,45744,56.9 MM,,水生,淡水,,T,Cl2,,,,
7681-52-9,"Hypochlorous acid, sodium salt (1:1)",急性,LC50,生存,0.23,0.041666667,,シャイナーパーチ(Cymatogaster aggregata),魚類,Fish,ECOTOX,12763,52.9 MM,,水生,海水,,T,,,,,
7681-52-9,"Hypochlorous acid, sodium salt (1:1)",急性,LC50,生存,0.23,0.333333333,,トウゴロウイワシ科の一種(Leuresthes tenuis),魚類,Fish,ECOTOX,125366,,,水生,海水,,T,Cl2,,,,
7681-52-9,"Hypochlorous acid, sodium salt (1:1)",急性,LC50,生存,0.231,0.041666667,,シャイナーパーチ(Cymatogaster aggregata),魚類,Fish,ECOTOX,12759,52.9 MM,,水生,海水,,T,,,,,
7681-52-9,"Hypochlorous acid, sodium salt (1:1)",急性,LC50,生存,0.231,0.041666667,,シャイナーパーチ(Cymatogaster aggregata),魚類,Fish,ECOTOX,12760,52.9 MM,,水生,海水,,T,,,,,
7681-52-9,"Hypochlorous acid, sodium salt (1:1)",急性,LC50,生存,0.233,2,,カリフォルニアカタクチイワシ(Engraulis mordax),魚類,Fish,ECOTOX,126216,,,水生,海水,,T,Cl,,,,
7681-52-9,"Hypochlorous acid, sodium salt (1:1)",急性,LC50,生存,0.234,0.083333333,,カリフォルニアカタクチイワシ(Engraulis mordax),魚類,Fish,ECOTOX,126204,,,水生,海水,,T,Cl,,,,
7681-52-9,"Hypochlorous acid, sodium salt (1:1)",急性,LC50,生存,0.236,1,,カリフォルニアカタクチイワシ(Engraulis mordax),魚類,Fish,ECOTOX,126214,,,水生,海水,,T,Cl,,,,
7681-52-9,"Hypochlorous acid, sodium salt (1:1)",急性,LC50,生存,0.236,4,,トウゴロウイワシ科の一種(Menidia beryllina),魚類,Fish,ECOTOX,144063,,,水生,海水,,T,TROX,,,,
7681-52-9,"Hypochlorous acid, sodium salt (1:1)",急性,LC50,生存,0.241,0.041666667,,シャイナーパーチ(Cymatogaster aggregata),魚類,Fish,ECOTOX,12761,52.9 MM,,水生,海水,,T,,,,,
7681-52-9,"Hypochlorous acid, sodium salt (1:1)",急性,LC50,生存,0.241,0.333333333,,カリフォルニアカタクチイワシ(Engraulis mordax),魚類,Fish,ECOTOX,126207,,,水生,海水,,T,Cl,,,,
7681-52-9,"Hypochlorous acid, sodium salt (1:1)",急性,LC50,生存,0.241,1,,トウゴロウイワシ科の一種(Leuresthes tenuis),魚類,Fish,ECOTOX,125367,,,水生,海水,,T,Cl2,,,,
7681-52-9,"Hypochlorous acid, sodium salt (1:1)",急性,LC50,生存,0.248,1,,カリフォルニアカタクチイワシ(Engraulis mordax),魚類,Fish,ECOTOX,126212,,,水生,海水,,T,Cl,,,,
7681-52-9,"Hypochlorous acid, sodium salt (1:1)",急性,LC50,生存,0.25,1,,マスノスケ(Oncorhynchus tshawytscha),魚類,Fish,ECOTOX,30708,67.7 MM,,水生,海水,,T,Cl2,,,,
7681-52-9,"Hypochlorous acid, sodium salt (1:1)",急性,LC50,生存,0.25,1,,マスノスケ(Oncorhynchus tshawytscha),魚類,Fish,ECOTOX,30709,67.7 MM,,水生,海水,,T,Cl2,,,,
7681-52-9,"Hypochlorous acid, sodium salt (1:1)",急性,LC50,生存,0.251,0.083333333,,カリフォルニアカタクチイワシ(Engraulis mordax),魚類,Fish,ECOTOX,126203,,,水生,海水,,T,Cl,,,,
7681-52-9,"Hypochlorous acid, sodium salt (1:1)",急性,LC50,生存,0.255,0.083333333,,トウゴロウイワシ科の一種(Leuresthes tenuis),魚類,Fish,ECOTOX,125365,,,水生,海水,,T,Cl2,,,,
7681-52-9,"Hypochlorous acid, sodium salt (1:1)",急性,LC50,生存,0.27,0.005208333,,ギンザケ(Oncorhynchus kisutch),魚類,Fish,ECOTOX,12772,102.0 MM,,水生,海水,,T,,,,,
7681-52-9,"Hypochlorous acid, sodium salt (1:1)",急性,LC50,生存,0.27,4,,コイ科の一種(Rhinichthys osculus),魚類,Fish,ECOTOX,2087329,DRY WT,,水生,淡水,,T,TRCl,,,,
7681-52-9,"Hypochlorous acid, sodium salt (1:1)",急性,LC50,生存,0.276,0.333333333,,カリフォルニアカタクチイワシ(Engraulis mordax),魚類,Fish,ECOTOX,126209,,,水生,海水,,T,Cl,,,,
7681-52-9,"Hypochlorous acid, sodium salt (1:1)",急性,LC50,生存,0.28,0.020833333,,コイ科の一種(Notropis atherinoides),魚類,Fish,ECOTOX,45746,85.6 MM,,水生,淡水,,T,Cl2,,,,
7681-52-9,"Hypochlorous acid, sodium salt (1:1)",急性,LC50,生存,0.283,0.010416667,,ギンザケ(Oncorhynchus kisutch),魚類,Fish,ECOTOX,12769,103.0 MM,,水生,海水,,T,,,,,
7681-52-9,"Hypochlorous acid, sodium salt (1:1)",急性,LC50,生存,0.283,0.041666667,,シャイナーパーチ(Cymatogaster aggregata),魚類,Fish,ECOTOX,12743,65.3 MM,,水生,海水,,T,,,,,
7681-52-9,"Hypochlorous acid, sodium salt (1:1)",急性,LC50,生存,0.285,0.020833333,,ギンザケ(Oncorhynchus kisutch),魚類,Fish,ECOTOX,12766,91.2 MM,,水生,海水,,T,,,,,
7681-52-9,"Hypochlorous acid, sodium salt (1:1)",急性,LC50,生存,0.29,0.020833333,,ギンザケ(Oncorhynchus kisutch),魚類,Fish,ECOTOX,54048,"46.7 G, 180 MM",,水生,淡水,,T,Cl2,,,,
7681-52-9,"Hypochlorous acid, sodium salt (1:1)",急性,LC50,生存,0.29,4,,カリフォルニアカタクチイワシ(Engraulis mordax),魚類,Fish,ECOTOX,126220,,,水生,海水,,T,Cl,,,,
7681-52-9,"Hypochlorous acid, sodium salt (1:1)",急性,LC50,生存,0.296,0.041666667,,シャイナーパーチ(Cymatogaster aggregata),魚類,Fish,ECOTOX,12744,65.3 MM,,水生,海水,,T,,,,,
7681-52-9,"Hypochlorous acid, sodium salt (1:1)",急性,LC50,生存,0.3,0.020833333,,エールワイフ(Alosa pseudoharengus),魚類,Fish,ECOTOX,54053,"8.5 G, 101 MM",,水生,淡水,,T,Cl2,,,,
7681-52-9,"Hypochlorous acid, sodium salt (1:1)",急性,LC50,生存,0.302,0.020833333,,シャイナーパーチ(Cymatogaster aggregata),魚類,Fish,ECOTOX,12748,49.0 MM,,水生,海水,,T,,,,,
7681-52-9,"Hypochlorous acid, sodium salt (1:1)",急性,LC50,生存,0.304,4,,コイ科の一種(Notemigonus crysoleucas),魚類,Fish,ECOTOX,180099,"71.5 MM, 3180 MG WWGT, 890 MG DWGT",,水生,淡水,,T,Cl,,,,
7681-52-9,"Hypochlorous acid, sodium salt (1:1)",急性,LC50,生存,0.307,0.041666667,,シャイナーパーチ(Cymatogaster aggregata),魚類,Fish,ECOTOX,12754,61.9 MM,,水生,海水,,T,,,,,
7681-52-9,"Hypochlorous acid, sodium salt (1:1)",急性,LC50,生存,0.308,0.041666667,,シャイナーパーチ(Cymatogaster aggregata),魚類,Fish,ECOTOX,12741,65.3 MM,,水生,海水,,T,,,,,
7681-52-9,"Hypochlorous acid, sodium salt (1:1)",急性,LC50,生存,0.308,0.041666667,,シャイナーパーチ(Cymatogaster aggregata),魚類,Fish,ECOTOX,12745,65.3 MM,,水生,海水,,T,,,,,
7681-52-9,"Hypochlorous acid, sodium salt (1:1)",急性,LC50,生存,0.312,0.083333333,,カリフォルニアカタクチイワシ(Engraulis mordax),魚類,Fish,ECOTOX,126205,,,水生,海水,,T,Cl,,,,
7681-52-9,"Hypochlorous acid, sodium salt (1:1)",急性,LC50,生存,0.316,0.041666667,,シャイナーパーチ(Cymatogaster aggregata),魚類,Fish,ECOTOX,12742,65.3 MM,,水生,海水,,T,,,,,
7681-52-9,"Hypochlorous acid, sodium salt (1:1)",急性,LC50,生存,0.322,0.041666667,,シャイナーパーチ(Cymatogaster aggregata),魚類,Fish,ECOTOX,12753,61.9 MM,,水生,海水,,T,,,,,
7681-52-9,"Hypochlorous acid, sodium salt (1:1)",急性,LC50,生存,0.33,0.020833333,,コイ科の一種(Notropis atherinoides),魚類,Fish,ECOTOX,45742,43.2 MM,,水生,淡水,,T,Cl2,,,,
7681-52-9,"Hypochlorous acid, sodium salt (1:1)",急性,LC50,生存,0.33,0.041666667,,シャイナーパーチ(Cymatogaster aggregata),魚類,Fish,ECOTOX,12750,61.9 MM,,水生,海水,,T,,,,,
7681-52-9,"Hypochlorous acid, sodium salt (1:1)",急性,LC50,生存,0.331,0.041666667,,シャイナーパーチ(Cymatogaster aggregata),魚類,Fish,ECOTOX,12752,61.9 MM,,水生,海水,,T,,,,,
7681-52-9,"Hypochlorous acid, sodium salt (1:1)",急性,LC50,生存,0.332,0.041666667,,シャイナーパーチ(Cymatogaster aggregata),魚類,Fish,ECOTOX,12751,61.9 MM,,水生,海水,,T,,,,,
7681-52-9,"Hypochlorous acid, sodium salt (1:1)",急性,LC50,生存,0.337,0.010416667,,ギンザケ(Oncorhynchus kisutch),魚類,Fish,ECOTOX,12765,91.2 MM,,水生,海水,,T,,,,,
7681-52-9,"Hypochlorous acid, sodium salt (1:1)",急性,LC50,生存,0.339,0.041666667,,シャイナーパーチ(Cymatogaster aggregata),魚類,Fish,ECOTOX,12740,60.5 MM,,水生,海水,,T,,,,,
7681-52-9,"Hypochlorous acid, sodium salt (1:1)",急性,LC50,生存,0.35,0.111333333,,コイ科の一種(Notropis atherinoides),魚類,Fish,ECOTOX,115662,"63 MM, 1.55 G",,水生,淡水,,T,Cl2,,,,
7681-52-9,"Hypochlorous acid, sodium salt (1:1)",急性,LC50,生存,0.35,2,,ニジマス(Oncorhynchus mykiss),魚類,Fish,ECOTOX,83284,"9.4 G, 10.1 CM",,水生,淡水,,T,Cl2,,,,
7681-52-9,"Hypochlorous acid, sodium salt (1:1)",急性,LC50,生存,0.35,4,,ファットヘッドミノー(Pimephales promelas),魚類,Fish,ECOTOX,85713,,,水生,淡水,,T,TRCl,,,,
7681-52-9,"Hypochlorous acid, sodium salt (1:1)",急性,LC50,生存,0.356,0.005208333,,ギンザケ(Oncorhynchus kisutch),魚類,Fish,ECOTOX,12768,103.0 MM,,水生,海水,,T,,,,,
7681-52-9,"Hypochlorous acid, sodium salt (1:1)",急性,LC50,生存,0.36,0.111333333,,サッカー科の一種(Catostomus commersoni),魚類,Fish,ECOTOX,115688,"94 MM, 6.1 G",,水生,淡水,,T,Cl2,,,,
7681-52-9,"Hypochlorous acid, sodium salt (1:1)",急性,LC50,生存,0.36,1,,タイセイヨウニシン(Clupea harengus),魚類,Fish,ECOTOX,69208,15 MM,,水生,海水,,T,,,,,
7681-52-9,"Hypochlorous acid, sodium salt (1:1)",急性,LC50,生存,0.374,4,,ニジマス(Oncorhynchus mykiss),魚類,Fish,ECOTOX,180102,"24.0MM, 98.0 MG WWGT, 17.2 MG DWGT",,水生,淡水,,T,Cl,,,,
7681-52-9,"Hypochlorous acid, sodium salt (1:1)",急性,LC50,生存,0.38,0.005208333,,ギンザケ(Oncorhynchus kisutch),魚類,Fish,ECOTOX,12764,91.2 MM,,水生,海水,,T,,,,,
7681-52-9,"Hypochlorous acid, sodium salt (1:1)",急性,LC50,生存,0.38,4,,シープスヘッドミノー(Cyprinodon variegatus),魚類,Fish,ECOTOX,2108466,0.09 g,,水生,海水,,NC,NC,,,,
7681-52-9,Sodium hypochlorite (BE-7 Antimicrobial),急性,LC50,生存,0.38,4,1,シープスヘッドミノー(Cyprinodon variegatus),魚類,Fish,米国環境省の農薬生態毒性データ,25031,0.09 g,"ガイドラインはEstuarine/ Marine Fish, Shellfish, Shrimp Acute using TGAI or TEP; ",水生,,,,,,,,C
7681-52-9,"Hypochlorous acid, sodium salt (1:1)",急性,LC50,生存,0.39,4,,ファットヘッドミノー(Pimephales promelas),魚類,Fish,ECOTOX,31196,,,水生,淡水,,T,TRCl,,,,
7681-52-9,"Hypochlorous acid, sodium salt (1:1)",急性,LC50,生存,0.409,0.020833333,,シャイナーパーチ(Cymatogaster aggregata),魚類,Fish,ECOTOX,12757,56.0 MM,,水生,海水,,T,,,,,
7681-52-9,"Hypochlorous acid, sodium salt (1:1)",急性,LC50,生存,0.41,0.010416667,,シャイナーパーチ(Cymatogaster aggregata),魚類,Fish,ECOTOX,12747,49.0 MM,,水生,海水,,T,,,,,
7681-52-9,"Hypochlorous acid, sodium salt (1:1)",急性,LC50,生存,0.41,0.111333333,,コイ科の一種(Cyprinella spiloptera),魚類,Fish,ECOTOX,115668,"51 MM, 1.24 G",,水生,淡水,,T,Cl2,,,,
7681-52-9,"Hypochlorous acid, sodium salt (1:1)",急性,LC50,生存,0.43,0.020833333,,ニジマス(Oncorhynchus mykiss),魚類,Fish,ECOTOX,54094,"60.7 G, 172 MM",,水生,淡水,,T,,,,,
7681-52-9,"Hypochlorous acid, sodium salt (1:1)",急性,LC50,生存,0.43,1,,ニジマス(Oncorhynchus mykiss),魚類,Fish,ECOTOX,83283,"9.4 G, 10.1 CM",,水生,淡水,,T,Cl2,,,,
7681-52-9,"Hypochlorous acid, sodium salt (1:1)",急性,LC50,生存,0.435,0.020833333,,シャイナーパーチ(Cymatogaster aggregata),魚類,Fish,ECOTOX,12739,60.5 MM,,水生,海水,,T,,,,,
7681-52-9,"Hypochlorous acid, sodium salt (1:1)",急性,LC50,生存,0.44,4,,ファットヘッドミノー(Pimephales promelas),魚類,Fish,ECOTOX,27638,,,水生,淡水,,T,TRCl,,,,
7681-52-9,"Hypochlorous acid, sodium salt (1:1)",急性,LC50,生存,0.44,4,,ブルーギル(Lepomis macrochirus),魚類,Fish,ECOTOX,85709,,,水生,淡水,,T,TRCl,,,,
7681-52-9,"Hypochlorous acid, sodium salt (1:1)",急性,LC50,生存,0.45,0.111333333,,コイ科の一種(Luxilus cornutus),魚類,Fish,ECOTOX,115665,"54 MM, 1.44 G",,水生,淡水,,T,Cl2,,,,
7681-52-9,"Hypochlorous acid, sodium salt (1:1)",急性,LC50,生存,0.45,4,,アメリカナマズ(Ictalurus punctatus),魚類,Fish,ECOTOX,7161,6-10 CM,,水生,淡水,,T,,,,,
7681-52-9,"Hypochlorous acid, sodium salt (1:1)",急性,LC50,生存,0.5,1,,カラフトマス(Oncorhynchus gorbuscha),魚類,Fish,ECOTOX,30711,35.6 MM,,水生,海水,,T,Cl2,,,,
7681-52-9,"Hypochlorous acid, sodium salt (1:1)",急性,LC50,生存,0.5,1,,マスノスケ(Oncorhynchus tshawytscha),魚類,Fish,ECOTOX,30706,67.7 MM,,水生,海水,,T,Cl2,,,,
7681-52-9,"Hypochlorous acid, sodium salt (1:1)",急性,LC50,生存,0.5,1,,マスノスケ(Oncorhynchus tshawytscha),魚類,Fish,ECOTOX,30707,67.7 MM,,水生,海水,,T,Cl2,,,,
7681-52-9,"Hypochlorous acid, sodium salt (1:1)",急性,LC50,生存,0.508,0.010416667,,シャイナーパーチ(Cymatogaster aggregata),魚類,Fish,ECOTOX,12756,56.0 MM,,水生,海水,,T,,,,,
7681-52-9,"Hypochlorous acid, sodium salt (1:1)",急性,LC50,生存,0.51,0.111333333,,コイ科の一種(Notropis atherinoides),魚類,Fish,ECOTOX,115661,"69 MM, 1.92 G",,水生,淡水,,T,Cl2,,,,
7681-52-9,"Hypochlorous acid, sodium salt (1:1)",急性,LC50,生存,0.515,0.010416667,,シャイナーパーチ(Cymatogaster aggregata),魚類,Fish,ECOTOX,12738,60.5 MM,,水生,海水,,T,,,,,
7681-52-9,"Hypochlorous acid, sodium salt (1:1)",急性,LC50,生存,0.53,0.020833333,,コイ科の一種(Notropis hudsonius),魚類,Fish,ECOTOX,54056,"5.2 G, 83 MM",,水生,淡水,,T,Cl2,,,,
7681-52-9,"Hypochlorous acid, sodium salt (1:1)",急性,LC50,生存,0.55,4,,コイ科の一種(Rhinichthys osculus),魚類,Fish,ECOTOX,2087326,DRY WT,,水生,淡水,,T,TRCl,,,,
7681-52-9,"Hypochlorous acid, sodium salt (1:1)",急性,LC50,生存,0.56,0.020833333,,ギンザケ(Oncorhynchus kisutch),魚類,Fish,ECOTOX,54045,"46.8 G, 176 MM",,水生,淡水,,T,Cl2,,,,
7681-52-9,"Hypochlorous acid, sodium salt (1:1)",急性,LC50,生存,0.56,0.020875,,ブラウントラウト(Salmo trutta),魚類,Fish,ECOTOX,135682,"6.5(4.8-8.1) CM, 2.2(0.6-5.6) G",,水生,淡水,,T,Cl2,,,,
7681-52-9,Sodium hypochlorite,急性,LC50,生存,0.56,4,1,ブルーギル(Lepomis macrochirus),魚類,Fish,米国環境省の農薬生態毒性データ,8321,Juv,ガイドラインはFreshwater Fish Acute-warm and coldwater species with TGAI or TEP; ,水生,,,,,,,,C
7681-52-9,"Hypochlorous acid, sodium salt (1:1)",急性,LC50,生存,0.572,4,,コイ科の一種(Notemigonus crysoleucas),魚類,Fish,ECOTOX,180103,"74.9 MM, 3300 MG WWGT, 960 MG DWGT",,水生,淡水,,T,Cl,,,,
7681-52-9,"Hypochlorous acid, sodium salt (1:1)",急性,LC50,生存,0.58,4,,ファットヘッドミノー(Pimephales promelas),魚類,Fish,ECOTOX,65687,YEARLING,,水生,淡水,,T,TRCl,,,,
7681-52-9,"Hypochlorous acid, sodium salt (1:1)",急性,LC50,生存,0.58,4,,ブルーギル(Lepomis macrochirus),魚類,Fish,ECOTOX,2107606,Juv,,水生,淡水,,NC,NC,,,,
7681-52-9,"Hypochlorous acid, sodium salt (1:1)",急性,LC50,生存,0.59,0.111333333,,コイ科の一種(Cyprinella spiloptera),魚類,Fish,ECOTOX,115667,"54 MM, 1.26 G",,水生,淡水,,T,Cl2,,,,
7681-52-9,"Hypochlorous acid, sodium salt (1:1)",急性,LC50,生存,0.59,0.111333333,,コイ科の一種(Luxilus cornutus),魚類,Fish,ECOTOX,115664,"55 MM, 1.29 G",,水生,淡水,,T,Cl2,,,,
7681-52-9,"Hypochlorous acid, sodium salt (1:1)",急性,LC50,生存,0.6,0.020833333,,ニジマス(Oncorhynchus mykiss),魚類,Fish,ECOTOX,54095,"60.9 G, 179 MM",,水生,淡水,,T,Cl2,,,,
7681-52-9,"Hypochlorous acid, sodium salt (1:1)",急性,LC50,生存,0.63,0.020833333,,タイセイヨウニシン(Clupea harengus),魚類,Fish,ECOTOX,69209,20 MM,,水生,海水,,T,,,,,
7681-52-9,"Hypochlorous acid, sodium salt (1:1)",急性,LC50,生存,0.63,0.111333333,,コイ科の一種(Notropis atherinoides),魚類,Fish,ECOTOX,115660,"67 MM, 1.73 G",,水生,淡水,,T,Cl2,,,,
7681-52-9,"Hypochlorous acid, sodium salt (1:1)",急性,LC50,生存,0.65,0.111333333,,コイ科の一種(Cyprinella spiloptera),魚類,Fish,ECOTOX,115666,"54 MM, 1.31 G",,水生,淡水,,T,Cl2,,,,
7681-52-9,"Hypochlorous acid, sodium salt (1:1)",急性,LC50,生存,0.664,0.005208333,,シャイナーパーチ(Cymatogaster aggregata),魚類,Fish,ECOTOX,12755,56.0 MM,,水生,海水,,T,,,,,
7681-52-9,"Hypochlorous acid, sodium salt (1:1)",急性,LC50,生存,0.68,0.111333333,,ザンダー属の一種(Sander canadense),魚類,Fish,ECOTOX,115679,"54 MM, 0.81 G",,水生,淡水,,T,Cl2,,,,
7681-52-9,"Hypochlorous acid, sodium salt (1:1)",急性,LC50,生存,0.7,0.020833333,,イエローパーチ(Perca flavescens),魚類,Fish,ECOTOX,54091,"3.52 G, 68.8 MM",,水生,淡水,,T,Cl2,,,,
7681-52-9,"Hypochlorous acid, sodium salt (1:1)",急性,LC50,生存,0.71,0.020833333,,コイ科の一種(Notropis atherinoides),魚類,Fish,ECOTOX,45743,56.9 MM,,水生,淡水,,T,Cl2,,,,
7681-52-9,"Hypochlorous acid, sodium salt (1:1)",急性,LC50,生存,0.71,2,,カリフォルニアカタクチイワシ(Engraulis mordax),魚類,Fish,ECOTOX,126219,,,水生,海水,,T,Cl,,,,
7681-52-9,"Hypochlorous acid, sodium salt (1:1)",急性,LC50,生存,0.72,4,,ファットヘッドミノー(Pimephales promelas),魚類,Fish,ECOTOX,85711,,,水生,淡水,,T,TRCl,,,,
7681-52-9,"Hypochlorous acid, sodium salt (1:1)",急性,LC50,生存,0.73,0.111333333,,サッカー科の一種(Catostomus commersoni),魚類,Fish,ECOTOX,115687,"112 MM, 11.4 G",,水生,淡水,,T,Cl2,,,,
7681-52-9,"Hypochlorous acid, sodium salt (1:1)",急性,LC50,生存,0.746,0.005208333,,シャイナーパーチ(Cymatogaster aggregata),魚類,Fish,ECOTOX,12746,49.0 MM,,水生,海水,,T,,,,,
7681-52-9,"Hypochlorous acid, sodium salt (1:1)",急性,LC50,生存,0.78,0.111333333,,コイ科の一種(Luxilus cornutus),魚類,Fish,ECOTOX,115663,"53 MM, 1.29 G",,水生,淡水,,T,Cl2,,,,
7681-52-9,"Hypochlorous acid, sodium salt (1:1)",急性,LC50,生存,0.79,1,,カリフォルニアカタクチイワシ(Engraulis mordax),魚類,Fish,ECOTOX,126215,,,水生,海水,,T,Cl,,,,
7681-52-9,"Hypochlorous acid, sodium salt (1:1)",急性,LC50,生存,0.79,4,,ファットヘッドミノー(Pimephales promelas),魚類,Fish,ECOTOX,85706,,,水生,淡水,,T,TRCl,,,,
7681-52-9,"Hypochlorous acid, sodium salt (1:1)",急性,LC50,生存,0.812,0.005208333,,シャイナーパーチ(Cymatogaster aggregata),魚類,Fish,ECOTOX,12737,60.5 MM,,水生,海水,,T,,,,,
7681-52-9,"Hypochlorous acid, sodium salt (1:1)",急性,LC50,生存,0.82,0.0104375,,ニジマス(Oncorhynchus mykiss),魚類,Fish,ECOTOX,115657,"47.9 G, 161.4 MM",,水生,淡水,,T,Cl2,,,,
7681-52-9,"Hypochlorous acid, sodium salt (1:1)",急性,LC50,生存,0.82,2,,アカヒレ(Tanichthys albonubes),魚類,Fish,ECOTOX,121083,,,水生,その他(NR),,F,,,,,
7681-52-9,"Hypochlorous acid, sodium salt (1:1)",急性,LC50,生存,0.829,0.333333333,,カリフォルニアカタクチイワシ(Engraulis mordax),魚類,Fish,ECOTOX,126210,,,水生,海水,,T,Cl,,,,
7681-52-9,"Hypochlorous acid, sodium salt (1:1)",急性,LC50,生存,0.87,0.020833333,,コイ科の一種(Notropis atherinoides),魚類,Fish,ECOTOX,45745,85.6 MM,,水生,淡水,,T,Cl2,,,,
7681-52-9,"Hypochlorous acid, sodium salt (1:1)",急性,LC50,生存,0.88,4,,ブルーギル(Lepomis macrochirus),魚類,Fish,ECOTOX,27639,,,水生,淡水,,T,TRCl,,,,
7681-52-9,"Hypochlorous acid, sodium salt (1:1)",急性,LC50,生存,0.9,0.020833333,,ギンザケ(Oncorhynchus kisutch),魚類,Fish,ECOTOX,54047,"54.6 G, 180 MM",,水生,淡水,,T,Cl2,,,,
7681-52-9,"Hypochlorous acid, sodium salt (1:1)",急性,LC50,生存,0.91,4,,ブルーギル(Lepomis macrochirus),魚類,Fish,ECOTOX,85708,,,水生,淡水,,T,TRCl,,,,
7681-52-9,"Hypochlorous acid, sodium salt (1:1)",急性,LC50,生存,0.94,0.020833333,,ニジマス(Oncorhynchus mykiss),魚類,Fish,ECOTOX,54093,"83.3 G, 196 MM",,水生,淡水,,T,Cl2,,,,
7681-52-9,"Hypochlorous acid, sodium salt (1:1)",急性,LC50,生存,0.94,2,,アカヒレ(Tanichthys albonubes),魚類,Fish,ECOTOX,121082,,,水生,その他(NR),,F,,,,,
7681-52-9,"Hypochlorous acid, sodium salt (1:1)",急性,LC50,生存,0.96,0.020833333,,エールワイフ(Alosa pseudoharengus),魚類,Fish,ECOTOX,54052,"7.6 G, 102 MM",,水生,淡水,,T,Cl2,,,,
7681-52-9,"Hypochlorous acid, sodium salt (1:1)",急性,LC50,生存,0.97,0.020833333,,イエローパーチ(Perca flavescens),魚類,Fish,ECOTOX,54090,"8.60 G, 91.2 MM",,水生,淡水,,T,Cl2,,,,
7681-52-9,"Hypochlorous acid, sodium salt (1:1)",急性,LC50,生存,0.99,0.020833333,,ニジマス(Oncorhynchus mykiss),魚類,Fish,ECOTOX,54092,"74.7 G, 188 MM",,水生,淡水,,T,Cl2,,,,
7681-52-9,"Hypochlorous acid, sodium salt (1:1)",急性,LC50,生存,1,0.020833333,,コイ科の一種(Notropis hudsonius),魚類,Fish,ECOTOX,54055,"1.7 G, 60 MM",,水生,淡水,,T,Cl2,,,,
7681-52-9,"Hypochlorous acid, sodium salt (1:1)",急性,LC50,生存,1,4,,ブルーギル(Lepomis macrochirus),魚類,Fish,ECOTOX,85707,,,水生,淡水,,T,TRCl,,,,
7681-52-9,"Hypochlorous acid, sodium salt (1:1)",急性,LC50,生存,1.02,0.083333333,,カリフォルニアカタクチイワシ(Engraulis mordax),魚類,Fish,ECOTOX,126206,,,水生,海水,,T,Cl,,,,
7681-52-9,"Hypochlorous acid, sodium salt (1:1)",急性,LC50,生存,1.09,0.111333333,,サッカー科の一種(Catostomus commersoni),魚類,Fish,ECOTOX,115686,"114 MM, 11.3 G",,水生,淡水,,T,Cl2,,,,
7681-52-9,"Hypochlorous acid, sodium salt (1:1)",急性,LC50,生存,1.1,2,,アカヒレ(Tanichthys albonubes),魚類,Fish,ECOTOX,121079,,,水生,その他(NR),,F,,,,,
7681-52-9,"Hypochlorous acid, sodium salt (1:1)",急性,LC50,生存,1.1,2,,アカヒレ(Tanichthys albonubes),魚類,Fish,ECOTOX,121080,,,水生,その他(NR),,F,,,,,
7681-52-9,"Hypochlorous acid, sodium salt (1:1)",急性,LC50,生存,1.11,0.020833333,,イエローパーチ(Perca flavescens),魚類,Fish,ECOTOX,54089,"5.48 G, 79.1 MM",,水生,淡水,,T,Cl2,,,,
7681-52-9,"Hypochlorous acid, sodium salt (1:1)",急性,LC50,生存,1.13,4,,コイ科の一種(Richardsonius balteatus),魚類,Fish,ECOTOX,2087322,DRY WT,,水生,淡水,,T,TRCl,,,,
7681-52-9,"Hypochlorous acid, sodium salt (1:1)",急性,LC50,生存,1.14,0.111333333,,ザンダー属の一種(Sander canadense),魚類,Fish,ECOTOX,115678,"62 MM, 1.67 G",,水生,淡水,,T,Cl2,,,,
7681-52-9,"Hypochlorous acid, sodium salt (1:1)",急性,LC50,生存,1.15,0.111333333,,モロネ属の一種(Morone chrysops),魚類,Fish,ECOTOX,115677,"103 MM, 11.0 G",,水生,淡水,,T,Cl2,,,,
7681-52-9,"Hypochlorous acid, sodium salt (1:1)",急性,LC50,生存,1.19,0.020875,,ブラウントラウト(Salmo trutta),魚類,Fish,ECOTOX,135681,"6.5(4.8-8.1) CM, 2.2(0.6-5.6) G",,水生,淡水,,T,Cl2,,,,
7681-52-9,"Hypochlorous acid, sodium salt (1:1)",急性,LC50,生存,1.2,2,,アカヒレ(Tanichthys albonubes),魚類,Fish,ECOTOX,121081,,,水生,その他(NR),,F,,,,,
7681-52-9,"Hypochlorous acid, sodium salt (1:1)",急性,LC50,生存,1.23,0.111333333,,ブルーギル(Lepomis macrochirus),魚類,Fish,ECOTOX,115671,"104 MM, 19.8 G",,水生,淡水,,T,Cl2,,,,
7681-52-9,"Hypochlorous acid, sodium salt (1:1)",急性,LC50,生存,1.26,0.020833333,,ギンザケ(Oncorhynchus kisutch),魚類,Fish,ECOTOX,54044,"37.8 G, 167 MM",,水生,淡水,,T,Cl2,,,,
7681-52-9,"Hypochlorous acid, sodium salt (1:1)",急性,LC50,生存,1.27,0.020833333,,キュウリウオ属の一種(Osmerus mordax),魚類,Fish,ECOTOX,54057,"25.8 G, 164 MM",,水生,淡水,,T,Cl2,,,,
7681-52-9,"Hypochlorous acid, sodium salt (1:1)",急性,LC50,生存,1.32,0.020833333,,コイ科の一種(Notropis atherinoides),魚類,Fish,ECOTOX,45741,43.2 MM,,水生,淡水,,T,Cl2,,,,
7681-52-9,"Hypochlorous acid, sodium salt (1:1)",急性,LC50,生存,1.35,1,,コイ科の一種(Luxilus cornutus),魚類,Fish,ECOTOX,145035,,,水生,淡水,,T,TRCl,,,,
7681-52-9,"Hypochlorous acid, sodium salt (1:1)",急性,LC50,生存,1.35,1,,ニジマス(Oncorhynchus mykiss),魚類,Fish,ECOTOX,2117099,1.0 g,,水生,淡水,,NC,NC,,,,
7681-52-9,Sodium hypochlorite,急性,LC50,生存,1.35,1,2,ニジマス(Oncorhynchus mykiss),魚類,Fish,米国環境省の農薬生態毒性データ,8304,1.0 g,ガイドラインはFreshwater Fish Acute-warm and coldwater species with TGAI or TEP; ,水生,,,,,,,,S
7681-52-9,"Hypochlorous acid, sodium salt (1:1)",急性,LC50,生存,1.37,4,,ファットヘッドミノー(Pimephales promelas),魚類,Fish,ECOTOX,31195,YEARLING,,水生,淡水,,T,TRCl,,,,
7681-52-9,"Hypochlorous acid, sodium salt (1:1)",急性,LC50,生存,1.38,0.020833333,,ギンザケ(Oncorhynchus kisutch),魚類,Fish,ECOTOX,54046,"44.1 G, 172 MM",,水生,淡水,,T,Cl2,,,,
7681-52-9,"Hypochlorous acid, sodium salt (1:1)",急性,LC50,生存,1.5,0.111333333,,コイ(Cyprinus carpio),魚類,Fish,ECOTOX,115674,"85 MM, 8.06 G",,水生,淡水,,T,Cl2,,,,
7681-52-9,"Hypochlorous acid, sodium salt (1:1)",急性,LC50,生存,1.56,4,,ファットヘッドミノー(Pimephales promelas),魚類,Fish,ECOTOX,27637,YEARLING,,水生,淡水,,T,TRCl,,,,
7681-52-9,"Hypochlorous acid, sodium salt (1:1)",急性,LC50,生存,1.6,4,,コイ科の一種(Richardsonius balteatus),魚類,Fish,ECOTOX,2087320,DRY WT,,水生,淡水,,T,TRCl,,,,
7681-52-9,"Hypochlorous acid, sodium salt (1:1)",急性,LC50,生存,1.62,4,,ブルーギル(Lepomis macrochirus),魚類,Fish,ECOTOX,2087314,DRY WT,,水生,淡水,,T,TRCl,,,,
7681-52-9,"Hypochlorous acid, sodium salt (1:1)",急性,LC50,生存,1.65,0.0104375,,ニジマス(Oncorhynchus mykiss),魚類,Fish,ECOTOX,115656,"46.7 G, 160.9 MM",,水生,淡水,,T,Cl2,,,,
7681-52-9,"Hypochlorous acid, sodium salt (1:1)",急性,LC50,生存,1.7,0.020833333,,エールワイフ(Alosa pseudoharengus),魚類,Fish,ECOTOX,54051,"5.6 G, 93 MM",,水生,淡水,,T,Cl2,,,,
7681-52-9,"Hypochlorous acid, sodium salt (1:1)",急性,LC50,生存,1.72,0.111333333,,ブルーギル(Lepomis macrochirus),魚類,Fish,ECOTOX,115670,"101 MM, 17.8 G",,水生,淡水,,T,Cl2,,,,
7681-52-9,"Hypochlorous acid, sodium salt (1:1)",急性,LC50,生存,1.75,0.111333333,,ニベ科の一種(Aplodinotus grunniens),魚類,Fish,ECOTOX,115685,"95 MM, 6.9 G",,水生,淡水,,T,Cl2,,,,
7681-52-9,"Hypochlorous acid, sodium salt (1:1)",急性,LC50,生存,1.8,0.111333333,,モロネ属の一種(Morone chrysops),魚類,Fish,ECOTOX,115676,"156 MM, 47.6 G",,水生,淡水,,T,Cl2,,,,
7681-52-9,"Hypochlorous acid, sodium salt (1:1)",急性,LC50,生存,1.82,0.111333333,,コイ(Cyprinus carpio),魚類,Fish,ECOTOX,115673,"72 MM, 5.07 G",,水生,淡水,,T,Cl2,,,,
7681-52-9,"Hypochlorous acid, sodium salt (1:1)",急性,LC50,生存,1.94,4,,ニジマス(Oncorhynchus mykiss),魚類,Fish,ECOTOX,2114373,N.R.,,水生,淡水,,NC,NC,,,,
7681-52-9,Sodium hypochlorite Sunny Sol 150,急性,LC50,生存,1.94,4,2,ニジマス(Oncorhynchus mykiss),魚類,Fish,米国環境省の農薬生態毒性データ,8316,,ガイドラインはFreshwater Fish Acute-warm and coldwater species with TGAI or TEP; ,水生,,,,,,,,S
7681-52-9,"Hypochlorous acid, sodium salt (1:1)",急性,LC50,生存,2.1,1,,ブルーギル(Lepomis macrochirus),魚類,Fish,ECOTOX,2101167,0.6 g,,水生,淡水,,NC,NC,,,,
7681-52-9,Sodium hypochlorite,急性,LC50,生存,2.1,1,1,ブルーギル(Lepomis macrochirus),魚類,Fish,米国環境省の農薬生態毒性データ,8303,0.6 g,ガイドラインはFreshwater Fish Acute-warm and coldwater species with TGAI or TEP; ,水生,,,,,,,,C
7681-52-9,"Hypochlorous acid, sodium salt (1:1)",急性,LC50,生存,2.13,4,,ブルーギル(Lepomis macrochirus),魚類,Fish,ECOTOX,27641,,,水生,淡水,,T,TRCl,,,,
7681-52-9,"Hypochlorous acid, sodium salt (1:1)",急性,LC50,生存,2.15,0.020833333,,エールワイフ(Alosa pseudoharengus),魚類,Fish,ECOTOX,54049,"9.2 G, 104 MM",,水生,淡水,,T,Cl2,,,,
7681-52-9,"Hypochlorous acid, sodium salt (1:1)",急性,LC50,生存,2.27,0.020833333,,エールワイフ(Alosa pseudoharengus),魚類,Fish,ECOTOX,54050,"10.3 G, 108 MM",,水生,淡水,,T,Cl2,,,,
7681-52-9,"Hypochlorous acid, sodium salt (1:1)",急性,LC50,生存,2.32,4,,ブルーギル(Lepomis macrochirus),魚類,Fish,ECOTOX,2087311,DRY WT,,水生,淡水,,T,TRCl,,,,
7681-52-9,"Hypochlorous acid, sodium salt (1:1)",急性,LC50,生存,2.37,0.111333333,,コイ(Cyprinus carpio),魚類,Fish,ECOTOX,115672,"81 MM, 5.96 G",,水生,淡水,,T,Cl2,,,,
7681-52-9,"Hypochlorous acid, sodium salt (1:1)",急性,LC50,生存,2.41,0.020833333,,コイ科の一種(Notropis hudsonius),魚類,Fish,ECOTOX,54054,"2.1 G, 62 MM",,水生,淡水,,T,Cl2,,,,
7681-52-9,"Hypochlorous acid, sodium salt (1:1)",急性,LC50,生存,2.48,4,,ブルーギル(Lepomis macrochirus),魚類,Fish,ECOTOX,27640,,,水生,淡水,,T,TRCl,,,,
7681-52-9,"Hypochlorous acid, sodium salt (1:1)",急性,LC50,生存,2.87,0.0104375,,ニジマス(Oncorhynchus mykiss),魚類,Fish,ECOTOX,115655,"32.0 G, 138.5 MM",,水生,淡水,,T,Cl2,,,,
7681-52-9,"Hypochlorous acid, sodium salt (1:1)",急性,LC50,生存,2.87,0.111333333,,モロネ属の一種(Morone chrysops),魚類,Fish,ECOTOX,115675,"107 MM, 15.2 G",,水生,淡水,,T,Cl2,,,,
7681-52-9,"Hypochlorous acid, sodium salt (1:1)",急性,LC50,生存,3,0.111333333,,ブルーギル(Lepomis macrochirus),魚類,Fish,ECOTOX,115669,"98 MM, 10.7 G",,水生,淡水,,T,Cl2,,,,
7681-52-9,"Hypochlorous acid, sodium salt (1:1)",急性,LC50,生存,3.3,0.0104375,,キュウリウオ属の一種(Osmerus mordax),魚類,Fish,ECOTOX,115689,"157.2 MM, 20.29 G",,水生,淡水,,T,Cl2,,,,
7681-52-9,"Hypochlorous acid, sodium salt (1:1)",急性,LC50,生存,3.9,0.020833333,,イエローパーチ(Perca flavescens),魚類,Fish,ECOTOX,54088,"4.38 G, 74.2 MM",,水生,淡水,,T,Cl2,,,,
7681-52-9,"Hypochlorous acid, sodium salt (1:1)",急性,LC50,生存,4.18,4,,ニジマス(Oncorhynchus mykiss),魚類,Fish,ECOTOX,2105286,N.R.,,水生,淡水,,NC,NC,,,,
7681-52-9,Sodium hypochlorite,急性,LC50,生存,4.18,4,1,ニジマス(Oncorhynchus mykiss),魚類,Fish,米国環境省の農薬生態毒性データ,8308,,ガイドラインはFreshwater Fish Acute-warm and coldwater species with TGAI or TEP; ,水生,,,,,,,,C
7681-52-9,"Hypochlorous acid, sodium salt (1:1)",急性,LC50,生存,4.3,4,,ブルーギル(Lepomis macrochirus),魚類,Fish,ECOTOX,2117100,N.R.,,水生,淡水,,NC,NC,,,,
7681-52-9,Sodium hypochlorite,急性,LC50,生存,4.3,4,1,ブルーギル(Lepomis macrochirus),魚類,Fish,米国環境省の農薬生態毒性データ,8309,,ガイドラインはFreshwater Fish Acute-warm and coldwater species with TGAI or TEP; ,水生,,,,,,,,C
7681-52-9,"Hypochlorous acid, sodium salt (1:1)",急性,LC50,生存,5.3,4,,ブルーギル(Lepomis macrochirus),魚類,Fish,ECOTOX,2117102,N.R.,,水生,淡水,,NC,NC,,,,
7681-52-9,Sodium hypochlorite Sunny Sol 150,急性,LC50,生存,5.3,4,2,ブルーギル(Lepomis macrochirus),魚類,Fish,米国環境省の農薬生態毒性データ,8315,,ガイドラインはFreshwater Fish Acute-warm and coldwater species with TGAI or TEP; ,水生,,,,,,,,S
7681-52-9,"Hypochlorous acid, sodium salt (1:1)",急性,LC50,生存,5.6,1,,ファットヘッドミノー(Pimephales promelas),魚類,Fish,ECOTOX,93559,3.2-4.2 CM,,水生,淡水,,T,TRCl,,,,
7681-52-9,"Hypochlorous acid, sodium salt (1:1)",急性,LC50,生存,5.9,2,,ファットヘッドミノー(Pimephales promelas),魚類,Fish,ECOTOX,6844,,,水生,淡水,,T,,,,,
7681-52-9,"Hypochlorous acid, sodium salt (1:1)",急性,LC50,生存,5.9,2,,ファットヘッドミノー(Pimephales promelas),魚類,Fish,ECOTOX,93560,3.2-4.2 CM,,水生,淡水,,T,TRCl,,,,
7681-52-9,"Hypochlorous acid, sodium salt (1:1)",急性,LC50,生存,5.9,4,,ファットヘッドミノー(Pimephales promelas),魚類,Fish,ECOTOX,2173389,,,水生,淡水,,T,,,,,
7681-52-9,"Hypochlorous acid, sodium salt (1:1)",急性,LC50,生存,5.9,4,,ファットヘッドミノー(Pimephales promelas),魚類,Fish,ECOTOX,6845,,,水生,淡水,,T,,,,,
7681-52-9,"Hypochlorous acid, sodium salt (1:1)",急性,LC50,生存,5.9,4,,ファットヘッドミノー(Pimephales promelas),魚類,Fish,ECOTOX,93561,3.2-4.2 CM,,水生,淡水,,T,TRCl,,,,
7681-52-9,"Hypochlorous acid, sodium salt (1:1)",急性,LC50,生存,6.3,1,,ファットヘッドミノー(Pimephales promelas),魚類,Fish,ECOTOX,6843,,,水生,淡水,,T,,,,,
7681-52-9,"Hypochlorous acid, sodium salt (1:1)",急性,LC50,生存,8,0.020833333,,イエローパーチ(Perca flavescens),魚類,Fish,ECOTOX,54087,"4.12 G, 73.5 MM",,水生,淡水,,T,Cl2,,,,
7681-52-9,"Hypochlorous acid, sodium salt (1:1)",急性,LC50,生存,9,0.0104375,,イエローパーチ(Perca flavescens),魚類,Fish,ECOTOX,115654,"2.75 G, 65.6 MM",,水生,淡水,,T,Cl2,,,,
7681-52-9,"Hypochlorous acid, sodium salt (1:1)",急性,LC50,生存,10,4,,ファットヘッドミノー(Pimephales promelas),魚類,Fish,ECOTOX,2058889,,,水生,淡水,,T,,,,,
7681-52-9,"Hypochlorous acid, sodium salt (1:1)",急性,LC50,生存,22.6,0.0104375,,イエローパーチ(Perca flavescens),魚類,Fish,ECOTOX,115653,"2.81 G, 64.8 MM",,水生,淡水,,T,,,,,
7681-55-2,SODIUM IODATE,急性,EC50,死亡,220,4,2,ニジマス(Oncorhynchus mykiss),魚類,魚類,EAT,4668,,,水生,淡水,,,,,,,
7681-55-2,SODIUM IODATE,急性,EC50,死亡,280,4,2,ニジマス(Oncorhynchus mykiss),魚類,魚類,EAT,4670,,,水生,淡水,,,,,,,
7681-55-2,SODIUM IODATE,急性,EC50,死亡,350,4,2,ニジマス(Oncorhynchus mykiss),魚類,魚類,EAT,4669,,,水生,淡水,,,,,,,
7681-55-2,Sodium iodate,急性,LC50,生存,220,4,,ニジマス(Oncorhynchus mykiss),魚類,Fish,ECOTOX,145982,"44(32-56) MM, 0.78(0.51-0.96)G",,水生,淡水,,T,,,,,
7681-55-2,Sodium iodate,急性,LC50,生存,280,4,,ニジマス(Oncorhynchus mykiss),魚類,Fish,ECOTOX,145983,"44(32-56) MM, 0.78(0.51-0.96)G",,水生,淡水,,T,,,,,
7681-55-2,Sodium iodate,急性,LC50,生存,320,4,,ニジマス(Oncorhynchus mykiss),魚類,Fish,ECOTOX,145984,"44(32-56) MM, 0.78(0.51-0.96)G",,水生,淡水,,T,,,,,
7681-55-2,Sodium iodate,急性,LC50,生存,340,4,,ニジマス(Oncorhynchus mykiss),魚類,Fish,ECOTOX,145985,"44(32-56) MM, 0.78(0.51-0.96)G",,水生,淡水,,T,,,,,
7681-55-2,Sodium iodate,急性,LC50,生存,350,4,,ニジマス(Oncorhynchus mykiss),魚類,Fish,ECOTOX,145981,"44(32-56) MM, 0.78(0.51-0.96)G",,水生,淡水,,T,,,,,
7681-55-2,Sodium iodate,急性,LC50,生存,420,4,,ニジマス(Oncorhynchus mykiss),魚類,Fish,ECOTOX,145986,"44(32-56) MM, 0.78(0.51-0.96)G",,水生,淡水,,T,,,,,
7681-55-2,Sodium iodate,急性,LC50,生存,420,4,,ニジマス(Oncorhynchus mykiss),魚類,Fish,ECOTOX,145987,"44(32-56) MM, 0.78(0.51-0.96)G",,水生,淡水,,T,,,,,
7681-82-5,SODIUM IODIDE,急性,EC50,死亡,860,4,2,ニジマス(Oncorhynchus mykiss),魚類,魚類,EAT,4665,,,水生,淡水,,,,,,,
7681-82-5,SODIUM IODIDE,急性,EC50,死亡,3780,4,2,ニジマス(Oncorhynchus mykiss),魚類,魚類,EAT,4666,,,水生,淡水,,,,,,,
7681-82-5,SODIUM IODIDE,急性,EC50,死亡,8230,4,2,ニジマス(Oncorhynchus mykiss),魚類,魚類,EAT,4667,,,水生,淡水,,,,,,,
